,compound,counter,date_created,negative,neutral,positive,source,text in tweet
199,0.784,19,2018-02-26 18:32:36,0.0,0.734,0.266,CBS,RT @SuperiorDonuts: You can always count on @DavidKoechner for a laugh! Did your favorite Tush moment make the list? Catch a new #SuperiorD‚Ä¶
198,0.4482,18,2018-02-26 19:53:41,0.0,0.895,0.105,CBS,"RT @ScorpionCBS: You can't hack your way to a 197 IQ, but you are well on your way with these Genius Facts from #TeamScorpion! üíª You can be‚Ä¶"
197,0.0,17,2018-02-26 21:08:30,0.0,1.0,0.0,CBS,"RT @ACMawards: That‚Äôs right! @Reba is headed to @CBSThisMorning on Thursday, March 1 to announce this year‚Äôs #ACMAwards' nominees. Tune in‚Ä¶"
196,0.0,16,2018-02-26 22:50:32,0.0,1.0,0.0,CBS,"RT @KevinCanWaitCBS: Can you get all the way through these #KevinCanWait bloopers without laughing?! @KevinJames,@LeahRemini and the rest o‚Ä¶"
195,0.5562,15,2018-02-27 03:23:47,0.0,0.848,0.152,CBS,RT @LivinBiblically: The fun continues on Facebook! The #LivingBiblically cast is live to talk about tonight‚Äôs premiere. Tune in here: http‚Ä¶
194,0.4404,14,2018-02-28 19:08:30,0.0,0.884,0.116,CBS,"RT @thegoodfight: From the set design and costumes to hair and makeup, the production quality is truly next-level. Take a peek inside the u‚Ä¶"
193,0.0,13,2018-02-28 19:56:58,0.0,1.0,0.0,CBS,"RT @CBSThisMorning: TOMORROW: The nominees for the 2018 @ACMawards will be announced live by the one-and-only, @Reba! 

Watch on @CBS in ou‚Ä¶"
192,0.0,12,2018-03-01 01:04:52,0.0,1.0,0.0,CBS,RT @survivorcbs: It‚Äôs time! #Survivor https://t.co/YPk6cGWrUA
191,0.0,11,2018-03-01 13:50:11,0.0,1.0,0.0,CBS,"The Queen of Country, @Reba, is returning to host the 53rd #ACMawards on Sunday, April 15 at 8/7c. Here are a few o‚Ä¶ https://t.co/Iqzz6Gql01"
190,0.6908,10,2018-03-01 14:15:29,0.0,0.725,0.275,CBS,".@ChrisStapleton, @ThomasRhett, @mirandalambert and more are all nominated for awards at Country Music's Party of t‚Ä¶ https://t.co/Vm1vXRUDYJ"
189,0.7717,9,2018-03-01 14:29:20,0.0,0.675,0.325,CBS,"RT @ACMawards: Please give a round of applause to this year‚Äôs #ACMawards Entertainer of the Year nominees: @Jason_Aldean, @GarthBrooks, @Lu‚Ä¶"
188,0.5994,8,2018-03-01 14:36:21,0.0,0.822,0.178,CBS,"RT @ACMawards: Congratulations to this year‚Äôs #ACMawards Video of the Year nominees:
‚ÄúBlack‚Äù - @DierksBentley
‚ÄúIt Ain‚Äôt My Fault‚Äù - @Brothe‚Ä¶"
187,0.4885,7,2018-03-01 18:10:50,0.151,0.615,0.234,CBS,RT @KeithUrban: ACMs...... HOLY SMOKES!!!!! MAD LOVE TO U ALL THIS MORNING  FOR THESE INCREDIBLE NOMINATIONS. I‚ÄôM EXTREMELY GRATEFUL!!!!!!!‚Ä¶
186,0.8591,6,2018-03-01 18:11:50,0.0,0.462,0.538,CBS,RT @KelseaBallerini: Ohhhhh goodness. Incredible. Thank you thank you thank you. #female https://t.co/1ZTYjNfQeF
185,0.4547,5,2018-03-01 18:12:57,0.092,0.749,0.159,CBS,"RT @MarenMorris: Hot damn! Woke up from my post-wisdom teeth haze to find out I‚Äôm up for 4 @ACMawards ! So honored, especially for the Dear‚Ä¶"
184,-0.6981,4,2018-03-01 18:59:01,0.21,0.79,0.0,CBS,RT @ZoeListerJones: Tonight‚Äôs an all new Life In Pieces and it‚Äôs directed by my ride or die @nataliaanderson!!!‚Ä¶ https://t.co/2LPfmyLWrY
183,0.4939,3,2018-03-02 18:45:00,0.0,0.849,0.151,CBS,"In honor of Women's History Month, CBS and the Association of National Advertisers' (ANA) #SeeHer initiative will p‚Ä¶ https://t.co/2wtYxKJVuO"
182,0.7096,2,2018-03-02 20:30:01,0.0,0.718,0.282,CBS,"Join @maria_bello, @aishatyler and @TeaLeoni in celebrating the accomplishments of women who have contributed to th‚Ä¶ https://t.co/MefESBeFL3"
181,0.7096,1,2018-03-02 22:30:01,0.0,0.753,0.247,CBS,"Who are the trailblazing women in your life that inspire you? Join CBS and the ANA's #SeeHer initiative, celebratin‚Ä¶ https://t.co/M0KqZ41Bes"
180,0.0,0,2018-03-03 20:55:20,0.0,1.0,0.0,CBS,"RT @thegoodfight: Tomorrow, #TheGoodFight is back. Stream the season 2 premiere only on CBS All Access: https://t.co/tNFR8LBJO2 https://t.c‚Ä¶"
179,0.4404,19,2018-03-04 08:05:26,0.0,0.884,0.116,CBS,"RT @thegoodfight: It feels good to be back. üë†üíÑüî• The season 2 premiere of #TheGoodFight is now streaming, exclusively on CBS All Access: htt‚Ä¶"
178,0.3818,18,2018-03-05 22:16:43,0.0,0.833,0.167,CBS,"Will @Jason_Aldean, @garthbrooks, @LukeBryanOnline, @ChrisStapleton, or @KeithUrban be named Entertainer Of The Yea‚Ä¶ https://t.co/rMD8zjeX3s"
177,0.6705,17,2018-03-06 18:10:59,0.0,0.756,0.244,CBS,"Meet the ensemble of talented actors slated to join $1, a new mystery series coming to CBS All Access:‚Ä¶ https://t.co/QoyYv7vxwg"
176,0.0,16,2018-03-07 17:06:02,0.0,1.0,0.0,CBS,"This just in! @Jason_Aldean, @mirandalambert, @LukeBryanOnline, and many more are set to perform at the 53rd Academ‚Ä¶ https://t.co/mfxw2VxzU4"
175,-0.2023,15,2018-03-07 18:39:10,0.23,0.619,0.15,CBS,"RT @thegoodfight: Meticulously constructed. Soapy &amp; sexy. Intoxicating, savage television. üî• Here's what critics are saying about #TheGoodF‚Ä¶"
174,0.4926,14,2018-03-08 17:03:04,0.0,0.868,0.132,CBS,Take and post a photo of the woman in your life who inspires you daily! Use the hashtag #WomanAmenACM in your post‚Ä¶ https://t.co/7ShhvE48zy
173,0.8625,13,2018-03-08 18:00:49,0.0,0.664,0.336,CBS,Today and every day we celebrate the women in our lives who empower and inspire us. Share a story about an¬†influent‚Ä¶ https://t.co/9rVtqrElvT
172,0.0,12,2018-03-09 16:02:27,0.0,1.0,0.0,CBS,RT @BlueBloods_CBS: Even stand-up guys fall down sometimes. #BlueBloods is new tonight at 10/9c! https://t.co/UOlDm22wWW
171,0.8658,11,2018-03-09 18:27:28,0.0,0.553,0.447,CBS,"RT @thegoodfight: Smart, sexy, and sophisticated. See what's coming this season on #TheGoodFight. https://t.co/CuKhx2G50P https://t.co/ygTI‚Ä¶"
170,0.4215,10,2018-03-09 21:10:21,0.0,0.823,0.177,CBS,"Give a round of applause to @KelseaBallerini, @MirandaLambert, @Reba, @MarenMorris, and @CarrieUnderwood, the five‚Ä¶ https://t.co/Ncp1BTXx6N"
169,0.1275,9,2018-03-09 22:24:20,0.092,0.795,0.113,CBS,"RT @MomCBS: If you missed guest star @KChenoweth in the latest episode of #Mom, not to worry! Watch now: https://t.co/RlvXoGOZ0l https://t.‚Ä¶"
168,0.4926,8,2018-03-09 22:48:26,0.0,0.883,0.117,CBS,RT @DierksBentley: Take and post a photo of the woman in your life who inspires you daily! Use the hashtag #WomanAmenACM in your post for a‚Ä¶
167,0.0,7,2018-03-12 01:20:43,0.0,1.0,0.0,CBS,"RT @MadamSecretary: In less than an hour, #MadamSecretary's Keith Carradine will be taking over the @MadamSecretary Twitter page! Tweet alo‚Ä¶"
166,0.2244,6,2018-03-12 18:13:28,0.0,0.917,0.083,CBS,RT @thegoodfight: The verdict is in. The new season of #TheGoodFight is üî•üî•üî•! Stream it now on CBS All Access: https://t.co/FkYSNSXlRb https‚Ä¶
165,0.539,5,2018-03-13 14:15:10,0.0,0.821,0.179,CBS,"Music stars @MileyCyrus, @edsheeran, @ladygaga, and more will honor the legendary @eltonofficial and his hit songs‚Ä¶ https://t.co/UzxARCCLnI"
164,0.3612,4,2018-03-13 18:48:52,0.0,0.857,0.143,CBS,"RT @ManWithAPlan: Hungry for more #ManWithAPlan bloopers and behind-the-scenes videos featuring cast like @matt_leblanc, @thelizasnyder, @k‚Ä¶"
163,0.6696,3,2018-03-14 19:30:01,0.0,0.781,0.219,CBS,"Give these ladies some love! @Lauren_Alaina, @DBradbery, @carlypearce, and @RaeLynn are nominated for New Female Vo‚Ä¶ https://t.co/IVhwURfJ3S"
162,0.6115,2,2018-03-15 14:32:16,0.0,0.734,0.266,CBS,RT @CBSSports: It's the most wonderful time of the year. #MarchMadness https://t.co/e4c9qohqSR
161,0.6514,1,2018-03-15 16:42:41,0.0,0.806,0.194,CBS,Stream First Round games LIVE today starting at 12PM ET with a FREE trial of CBS All Access! https://t.co/3P85rXLy4b https://t.co/vZow3YD8cb
160,-0.4939,0,2018-03-15 17:20:26,0.157,0.766,0.077,CBS,RT @instinctcbs: Dr. Dylan Reinhart is lured back into the field from his life of quiet academia when a certain serial killer makes things‚Ä¶
159,0.7088,19,2018-03-15 17:54:06,0.0,0.763,0.237,CBS,"RT @TheTalkCBS: You asked, we answered! The fun never ends when the ladies #KeepTalking and answer your fan questions üó£üí¨‚û°Ô∏è https://t.co/ie1‚Ä¶"
158,0.6514,18,2018-03-16 16:28:40,0.0,0.822,0.178,CBS,The games have just begun! Continue to stream First Round games LIVE today with a FREE trial of CBS All Access:‚Ä¶ https://t.co/YTGsJ48zYP
157,0.0,17,2018-03-16 18:15:53,0.0,1.0,0.0,CBS,"RT @thegoodfight: Go behind the scenes with costume designer @DanLawsonStyle in ""Behind The Style,"" a new weekly video series all about the‚Ä¶"
156,0.296,16,2018-03-16 22:53:21,0.0,0.896,0.104,CBS,Stars @JakeMcDorman and Nik Dodani will join the cast in the upcoming revival of Murphy Brown coming to CBS.‚Ä¶ https://t.co/JCAx29lo0i
155,0.7096,15,2018-03-17 14:00:03,0.0,0.753,0.247,CBS,Where better to spend #StPatricksDay than the place everybody knows your name? It‚Äôs just your luck that every singl‚Ä¶ https://t.co/Fom5wmdENL
154,0.6166,14,2018-03-17 17:42:43,0.0,0.839,0.161,CBS,How is your bracket looking after last night? Stream Second Round games LIVE today with a FREE trial of CBS All Acc‚Ä¶ https://t.co/25JlIpgwog
153,0.0,13,2018-03-17 19:00:02,0.0,1.0,0.0,CBS,"If any duo knows how to rock the stage, it's @FLAGALine. The Vocal Duo Of The Year nominee will perform live at the‚Ä¶ https://t.co/FknabB8NQp"
152,0.1867,12,2018-03-18 17:09:53,0.0,0.92,0.08,CBS,"RT @instinctcbs: TONIGHT, Dr. Dylan Reinhart rewrites the book on abnormal behavior. Don't miss the premiere of #Instinct at 8/7c! https://‚Ä¶"
151,0.6514,11,2018-03-18 18:05:43,0.0,0.787,0.213,CBS,Spend your Sunday streaming Second Round games LIVE with a FREE trial of CBS All Access! https://t.co/3P85rXLy4b https://t.co/zbWfirD9Ju
150,0.0,10,2018-03-18 23:44:30,0.0,1.0,0.0,CBS,New start times in East/Central Time Zones: #60Minutes 7:37ET/6:37CT #Instinct series premiere 8:37ET/7:37CT‚Ä¶ https://t.co/xT3YKqmu2M
149,0.7845,9,2018-03-19 21:02:26,0.072,0.619,0.309,CBS,"RT @YandR_CBS: Forever evolving, Forever inspiring, Forever Young and Restless. ‚ù§Ô∏è Get ready to celebrate 45 years of #YR starting in just‚Ä¶"
148,0.0,8,2018-03-20 16:11:00,0.0,1.0,0.0,CBS,"Country superstars @kennychesney, @ladyantebellum, @blakeshelton, and @KeithUrban have just been added to the stell‚Ä¶ https://t.co/bJ4If7MacP"
147,0.5562,7,2018-03-20 16:52:42,0.0,0.826,0.174,CBS,RT @ladyantebellum: Ecstatic to announce we'll be performing at the #ACMawards in Las Vegas again this year! https://t.co/Qfhs94j6FR
146,0.0,6,2018-03-20 17:58:43,0.0,1.0,0.0,CBS,RT @nancyodell: Told my daughter I'd be presenting at @ACMawards again this year. (Woot woot!We both luv country music!)She took this pic o‚Ä¶
145,0.5106,5,2018-03-20 20:00:01,0.0,0.858,0.142,CBS,The legendary @Reba returns to host the 53rd #ACMawards and she‚Äôs proving just how comfortable she is behind the mi‚Ä¶ https://t.co/XPXcSPRXqC
144,0.0,4,2018-03-21 18:00:01,0.0,1.0,0.0,CBS,Female Vocalist Of The Year nominee @MarenMorris will show her fans how it‚Äôs done when she takes the stage to showc‚Ä¶ https://t.co/PITjmAoFT8
143,0.636,3,2018-03-22 00:23:38,0.0,0.802,0.198,CBS,Congratulations to all of the @CBSDaytime nominees for the #DaytimeEmmys! See the full list of #DaytimeEmmy nominee‚Ä¶ https://t.co/ivJVJWvfsf
142,0.7081,2,2018-03-22 20:52:02,0.066,0.623,0.311,CBS,Save the date! These are season finales you do NOT want to miss. RT if you're excited! https://t.co/UUQoWsPPSh https://t.co/cDl4WmxMtU
141,0.0,1,2018-03-22 22:10:29,0.0,1.0,0.0,CBS,Game on! 16 teams left and the race to the finish continues tonight. Stream #11 Loyola-Chicago vs #7 Nevada LIVE at‚Ä¶ https://t.co/W374rmzzoC
140,0.8997,0,2018-03-23 22:32:48,0.0,0.645,0.355,CBS,"RT @HawaiiFive0CBS: Nothing like a man and his dog! üòçüê∂ Happy #NationalPuppyDay to Eddie, the best pup on the Five-0 Task Force! #H50 https:‚Ä¶"
119,0.4939,19,2018-03-23 22:33:04,0.0,0.686,0.314,CBS,RT @SEALTeamCBS: In honor of #NationalPuppyDay... üòç #SEALTeam https://t.co/4mIZPpiRlU
139,0.4939,19,2018-03-23 22:33:04,0.0,0.686,0.314,CBS,RT @SEALTeamCBS: In honor of #NationalPuppyDay... üòç #SEALTeam https://t.co/4mIZPpiRlU
138,0.6996,18,2018-03-23 22:33:52,0.0,0.806,0.194,CBS,Get ready for some sweet games! Stream #5 Clemson vs #1 Kansas LIVE at 7PM ET and #11 Syracuse vs #2 Duke LIVE at 9‚Ä¶ https://t.co/4WstgrKNnW
118,0.6996,18,2018-03-23 22:33:52,0.0,0.806,0.194,CBS,Get ready for some sweet games! Stream #5 Clemson vs #1 Kansas LIVE at 7PM ET and #11 Syracuse vs #2 Duke LIVE at 9‚Ä¶ https://t.co/4WstgrKNnW
137,0.0,17,2018-03-24 20:00:02,0.0,1.0,0.0,CBS,"Get on your feet for @Jason_Aldean, @ThomasRhett, @ChrisStapleton, @KeithUrban, and @ChrisYoungMusic, the five nomi‚Ä¶ https://t.co/oT5ogjdj4x"
117,0.0,17,2018-03-24 20:00:02,0.0,1.0,0.0,CBS,"Get on your feet for @Jason_Aldean, @ThomasRhett, @ChrisStapleton, @KeithUrban, and @ChrisYoungMusic, the five nomi‚Ä¶ https://t.co/oT5ogjdj4x"
116,0.9451,16,2018-03-24 22:21:23,0.0,0.58,0.42,CBS,RT @MomCBS: ‚ÄúI love this job. I love working with these women. I love working in front of the live audience‚Ä¶ It‚Äôs alive and it‚Äôs fun.‚Äù - @A‚Ä¶
136,0.9451,16,2018-03-24 22:21:23,0.0,0.58,0.42,CBS,RT @MomCBS: ‚ÄúI love this job. I love working with these women. I love working in front of the live audience‚Ä¶ It‚Äôs alive and it‚Äôs fun.‚Äù - @A‚Ä¶
115,0.7184,15,2018-03-24 22:21:26,0.0,0.667,0.333,CBS,"RT @MomCBS: ""You get to appreciate working with such talented people."" - @AnnaKFaris #Mom #PaleyFest"
135,0.7184,15,2018-03-24 22:21:26,0.0,0.667,0.333,CBS,"RT @MomCBS: ""You get to appreciate working with such talented people."" - @AnnaKFaris #Mom #PaleyFest"
114,0.0,14,2018-03-24 22:21:34,0.0,1.0,0.0,CBS,"RT @MomCBS: ""I'm not someone in recovery who goes to AA, but I have taken so much away from it...to take one day at a time."" - @theJaimePre‚Ä¶"
134,0.0,14,2018-03-24 22:21:34,0.0,1.0,0.0,CBS,"RT @MomCBS: ""I'm not someone in recovery who goes to AA, but I have taken so much away from it...to take one day at a time."" - @theJaimePre‚Ä¶"
113,0.0,13,2018-03-24 22:21:37,0.0,1.0,0.0,CBS,RT @MomCBS: Mom Co-Creator @GemmaRBaker just pointed out her own #Mom in the audience at #PaleyFest! üíú
133,0.0,13,2018-03-24 22:21:37,0.0,1.0,0.0,CBS,RT @MomCBS: Mom Co-Creator @GemmaRBaker just pointed out her own #Mom in the audience at #PaleyFest! üíú
112,0.7003,12,2018-03-24 22:25:03,0.0,0.791,0.209,CBS,"RT @MomCBS: ""Go out for it anyway. If you're good for the role, you're good for the role."" @theJaimePressly's advice for aspiring actors wi‚Ä¶"
132,0.7003,12,2018-03-24 22:25:03,0.0,0.791,0.209,CBS,"RT @MomCBS: ""Go out for it anyway. If you're good for the role, you're good for the role."" @theJaimePressly's advice for aspiring actors wi‚Ä¶"
131,-0.34,11,2018-03-24 22:46:43,0.185,0.7,0.115,CBS,RT @MomCBS: A fan just commented that #Mom helped bring him out of a deep depression. üíúüíúüíú #PaleyFest
111,-0.34,11,2018-03-24 22:46:43,0.185,0.7,0.115,CBS,RT @MomCBS: A fan just commented that #Mom helped bring him out of a deep depression. üíúüíúüíú #PaleyFest
130,0.5399,10,2018-03-24 22:46:53,0.0,0.801,0.199,CBS,RT @MomCBS: That's a wrap on the #Mom panel at #PaleyFest! Thanks for following along! https://t.co/we4JgqPt6P
110,0.5399,10,2018-03-24 22:46:53,0.0,0.801,0.199,CBS,RT @MomCBS: That's a wrap on the #Mom panel at #PaleyFest! Thanks for following along! https://t.co/we4JgqPt6P
129,0.5319,9,2018-03-25 17:15:25,0.062,0.78,0.157,CBS,Don‚Äôt miss a minute of the action. Stream the¬†Elite Eight¬Æ¬†games LIVE today starting at 2PM ET with a FREE trial of‚Ä¶ https://t.co/8NwU8HdiHR
109,0.5319,9,2018-03-25 17:15:25,0.062,0.78,0.157,CBS,Don‚Äôt miss a minute of the action. Stream the¬†Elite Eight¬Æ¬†games LIVE today starting at 2PM ET with a FREE trial of‚Ä¶ https://t.co/8NwU8HdiHR
128,0.0,8,2018-03-25 23:57:34,0.0,1.0,0.0,CBS,New start times in East/Central Time Zones #60Minutes 7:35ET/6:35CT #Instinct  8:35ET/7:35CT #NCISLA 9:35ET/8:35CT‚Ä¶ https://t.co/8W5hAeLrvs
108,0.0,8,2018-03-25 23:57:34,0.0,1.0,0.0,CBS,New start times in East/Central Time Zones #60Minutes 7:35ET/6:35CT #Instinct  8:35ET/7:35CT #NCISLA 9:35ET/8:35CT‚Ä¶ https://t.co/8W5hAeLrvs
99,0.2263,19,2018-03-26 07:30:10,0.09,0.749,0.161,BBC,"Wishing you could get out of bed just that little bit earlier? üò¥

If you need some motivation to set that alarm, he‚Ä¶ https://t.co/zsisa2oA4s"
98,0.5819,18,2018-03-26 08:29:04,0.0,0.818,0.182,BBC,"ü§îWhy do so many celebrities decide to enter politics?

Some have done so more successfully than others...‚Ä¶ https://t.co/MkEDpSeLMJ"
97,0.0,17,2018-03-26 09:04:01,0.0,1.0,0.0,BBC,"The kiwi bird's egg is so large, it takes almost ten days to lay! üê¶ü•öüò≥  #DavidAttenboroughsNaturalCuriosities
https://t.co/AkZqK9vzZZ"
96,0.3182,16,2018-03-26 09:33:01,0.0,0.753,0.247,BBC,"üòÇ @BillBailey is NOT a fan of taramasalata. #Room101 

https://t.co/soAAz27c0C"
95,0.4588,15,2018-03-26 09:35:06,0.0,0.864,0.136,BBC,RT @bbcpress: Sue Perkins will return to host the 2018 #BAFTA TV awards on Sunday 13 May on @BBCOne. https://t.co/pieSWNAGbH
94,-0.128,14,2018-03-26 10:00:07,0.07,0.93,0.0,BBC,"From hot cross bun gin to Creme Egg Yorkshire pudding, this year‚Äôs Easter treats are bigger, weirder and more decad‚Ä¶ https://t.co/HvDJmgcB5q"
93,-0.5106,13,2018-03-26 11:00:05,0.163,0.837,0.0,BBC,"A crack that opened up in Kenya‚Äôs Rift Valley, damaging a section of the Narok-Nairobi highway, is still growing... https://t.co/T5YocDauYj"
92,0.4404,12,2018-03-26 11:48:03,0.0,0.828,0.172,BBC,Apple wants to introduce new emojis to better represent people with disabilities. ‚ù§Ô∏èÔ∏è https://t.co/CcJfojmtTa https://t.co/ZRdEhVPMEm
91,0.0,11,2018-03-26 12:58:02,0.0,1.0,0.0,BBC,"Never let a squirrel nibble your nobble... üéàüêøüò±
https://t.co/cHm9m6At3m"
90,0.0,10,2018-03-26 15:11:57,0.0,1.0,0.0,BBC,"In her role as head of the Commonwealth, the Queen embarked on her first tour of the nations in 1953.

But by 1970‚Ä¶ https://t.co/Av61bahNZF"
89,-0.3818,9,2018-03-26 15:45:04,0.161,0.744,0.095,BBC,"Tom Cruise stars in a remake of the 1953 adaptation of HG Wells‚Äôs classic novel. üçø

War of the Worlds | @BBCiPlayer‚Ä¶ https://t.co/h19JvTlFSA"
107,0.807,7,2018-03-26 16:05:18,0.0,0.622,0.378,CBS,"Congratulations to the 53rd #ACMawards New Artist winners @Lauren_Alaina, @MidlandOfficial, and @BrettYoungMusic! W‚Ä¶ https://t.co/Fr8H4arwGj"
127,0.807,7,2018-03-26 16:05:18,0.0,0.622,0.378,CBS,"Congratulations to the 53rd #ACMawards New Artist winners @Lauren_Alaina, @MidlandOfficial, and @BrettYoungMusic! W‚Ä¶ https://t.co/Fr8H4arwGj"
88,0.5859,8,2018-03-26 16:25:02,0.0,0.787,0.213,BBC,"‚úàÔ∏è Joy and Mary flew WW2 planes before any navigation system was installed.
#RAFat100 https://t.co/yxNMblfTEf"
106,0.7959,6,2018-03-26 16:59:19,0.0,0.786,0.214,CBS,RT @ACMawards: Over the weekend @Reba called the ACM New Artist of the Year winners to let them know they had won! Let‚Äôs just say our New F‚Ä¶
126,0.7959,6,2018-03-26 16:59:19,0.0,0.786,0.214,CBS,RT @ACMawards: Over the weekend @Reba called the ACM New Artist of the Year winners to let them know they had won! Let‚Äôs just say our New F‚Ä¶
87,0.0,7,2018-03-26 17:30:04,0.0,1.0,0.0,BBC,üê∂üòÇ It was a Dachsh(und) to the finish line. https://t.co/7VvkU5GfUg
86,0.7783,6,2018-03-26 18:24:04,0.0,0.688,0.312,BBC,"Tonight, George Alagiah explores the fascinating history of Queen Elizabeth II and her beloved Commonwealth. 

The‚Ä¶ https://t.co/xXer4FRyTq"
85,-0.6249,5,2018-03-26 19:03:02,0.194,0.806,0.0,BBC,"Filmed in Nottingham during the worst winter for the NHS on record, groundbreaking series #Hospital returns tonight‚Ä¶ https://t.co/PVSIcvCGc9"
125,0.0,5,2018-03-26 20:42:48,0.0,1.0,0.0,CBS,"RT @ACMawards: In case you didn‚Äôt know, the ACM for New Male Vocalist of the Year goes to @BrettYoungMusic. Check out his reaction when @Re‚Ä¶"
105,0.0,5,2018-03-26 20:42:48,0.0,1.0,0.0,CBS,"RT @ACMawards: In case you didn‚Äôt know, the ACM for New Male Vocalist of the Year goes to @BrettYoungMusic. Check out his reaction when @Re‚Ä¶"
104,0.508,4,2018-03-26 22:14:25,0.0,0.88,0.12,CBS,"RT @ACMawards: The ACM for New Vocal Group of the Year goes to @MidlandOfficial! And yes, that really was @Reba on the phone! #ACMawards ht‚Ä¶"
124,0.508,4,2018-03-26 22:14:25,0.0,0.88,0.12,CBS,"RT @ACMawards: The ACM for New Vocal Group of the Year goes to @MidlandOfficial! And yes, that really was @Reba on the phone! #ACMawards ht‚Ä¶"
84,-0.4588,4,2018-03-27 07:00:08,0.124,0.827,0.049,BBC,"The number of children living in relative poverty in the UK has risen to 4.1m. 

This is the story of Tyler, one of‚Ä¶ https://t.co/xFtEAjBTXC"
83,0.0,3,2018-03-27 07:30:04,0.0,1.0,0.0,BBC,"About 700,000 people in the UK are on the autism spectrum, with five times as many males as females being diagnosed‚Ä¶ https://t.co/PXJMuG76Tn"
82,0.0,2,2018-03-27 08:00:04,0.0,1.0,0.0,BBC,"When this woman visited an uninhabited Caribbean island, the last thing she expected was to find it covered in plas‚Ä¶ https://t.co/cpKW9tl61v"
81,0.5994,1,2018-03-27 09:36:48,0.0,0.843,0.157,BBC,"RT @bbcgetinspired: Check out @JesseLingard and some of his @PremierLeague mates showing us their super moves. üï∫üèª 

Show us yours with #sup‚Ä¶"
80,0.0,0,2018-03-27 09:38:59,0.0,1.0,0.0,BBC,"RT @BBCR1: We can't get enough of @george_ezra's Live Lounge üòç

Watch him perform 'Paradise' and cover 'These Days' right here üëâhttps://t.c‚Ä¶"
79,0.4019,19,2018-03-27 09:39:23,0.0,0.876,0.124,BBC,RT @BBCBreakfast: A team of abseilers have been roped in to give Cheddar Gorge in Somerset an extreme spring clean. https://t.co/iYmkiizeRi
78,0.0,18,2018-03-27 09:40:22,0.0,1.0,0.0,BBC,"RT @BBCTwo: Now we've got our country back... what actually is it? ü§î

#CunkOnBritain starts Tuesday 3 April, 10pm, @BBCTwo. @missdianemorga‚Ä¶"
77,0.0,17,2018-03-27 09:52:08,0.0,1.0,0.0,BBC,"üöÄüåé 'Mad' Mike Hughes flew his home-made rocket to try and 'prove' the earth is flat. 

üö® SPOILER: it's not.  https://t.co/f5oNRItwyq"
76,0.25,16,2018-03-27 11:00:06,0.0,0.875,0.125,BBC,"üé≠ @MargotRobbie is planning a new TV series, which will give Shakespeare plays a 'female perspective'.
üëâ‚Ä¶ https://t.co/pTLXfve0ds"
75,0.0,15,2018-03-27 11:05:06,0.0,1.0,0.0,BBC,"There's over 50 classic cookery shows being served up on @BBCiPlayer this #EasterWeekend. 
üëâ https://t.co/CKECZMGmx8 https://t.co/j3RfAYQvTI"
74,0.0,14,2018-03-27 12:00:08,0.0,1.0,0.0,BBC,The ancient Greeks thought a life of ‚Äòconstant leisure‚Äô was the highest life you could live. https://t.co/sascCq8iks
73,0.0,13,2018-03-27 13:33:01,0.0,1.0,0.0,BBC,‚ù§Ô∏è The first polar bear cub to be born in the UK for 25 years has been filmed adapting to its surroundings. https://t.co/EsxbH18cN5
72,-0.5994,12,2018-03-27 14:30:37,0.14,0.86,0.0,BBC,"RT @BBCWorld: It's 50 years since the death of Yuri Gagarin, the Russian cosmonaut who was the first man to travel into space üë®‚ÄçüöÄ https://t‚Ä¶"
71,0.0,11,2018-03-27 15:26:23,0.0,1.0,0.0,BBC,"RT @BBCR1: (‚Ä¢_‚Ä¢)
&lt;)   )‚ïØwho
 /    \ 

  (‚Ä¢_‚Ä¢)
 \(   (&gt; bit
  /    \

 (‚Ä¢_‚Ä¢)
&lt;)   )‚ïØBeyonc√©? 
 /    \ 

https://t.co/7hQd9mcKUY"
70,0.0,10,2018-03-27 15:33:24,0.0,1.0,0.0,BBC,"RT @bbccomedy: Cathy, master of shade. #Mum https://t.co/VjC2ttkaNF"
69,-0.3064,9,2018-03-27 15:36:22,0.134,0.866,0.0,BBC,RT @bbcthree: 12-year-old Keilan has very severe curvature of the spine. He needs surgery ASAP but the 5 hour operation could leave him par‚Ä¶
68,0.0,8,2018-03-27 15:38:26,0.0,1.0,0.0,BBC,"RT @BBCScotland: Meet the master of the radiator harp

@DaftLimmy returns to BBC Scotland on Thursday 5 April. https://t.co/G7mjFEJx6k"
67,0.6114,7,2018-03-27 15:40:40,0.0,0.75,0.25,BBC,RT @BBCTwo: Happy #WorldTheatreDay! *leaves this here and runs away* @SaraPascoe üé≠üòÇ https://t.co/3XlEb5gr15
66,0.0,6,2018-03-27 16:00:15,0.0,1.0,0.0,BBC,üò¨ What does Facebook know about you? https://t.co/lG4ffeCG09
123,0.296,3,2018-03-27 17:00:00,0.0,0.901,0.099,CBS,Join @eltonofficial and some of today's hottest names in music when they take the stage to perform his most memorab‚Ä¶ https://t.co/jz0jaShZIj
103,0.296,3,2018-03-27 17:00:00,0.0,0.901,0.099,CBS,Join @eltonofficial and some of today's hottest names in music when they take the stage to perform his most memorab‚Ä¶ https://t.co/jz0jaShZIj
65,0.0,5,2018-03-27 17:00:07,0.0,1.0,0.0,BBC,"üçú We've got oodles of noodles with recipes for pad Thai, chow mein, ramen, pho and stir-fries.
üëâ‚Ä¶ https://t.co/JWfrcIhn2X"
64,0.2942,4,2018-03-27 18:00:08,0.0,0.872,0.128,BBC,"üá©üá™üòÇ Even if you don't speak German, this is worth watching until the end! 
#LiveAtTheApollo https://t.co/J3l8oToRbk"
63,0.0,3,2018-03-27 18:30:07,0.0,1.0,0.0,BBC,"When mother Marie mysteriously leaves the family home, the repercussions are enormous.

#ComeHome | 9pm | @BBCOne |‚Ä¶ https://t.co/S4JgnzQlAx"
102,0.3818,2,2018-03-27 21:00:01,0.108,0.68,0.212,CBS,Count on Entertainer Of The Year nominee @LukeBryanOnline to crash the party with an epic performance at the 53rd‚Ä¶ https://t.co/27ua60HTqu
122,0.3818,2,2018-03-27 21:00:01,0.108,0.68,0.212,CBS,Count on Entertainer Of The Year nominee @LukeBryanOnline to crash the party with an epic performance at the 53rd‚Ä¶ https://t.co/27ua60HTqu
62,-0.4588,2,2018-03-28 07:00:02,0.176,0.824,0.0,BBC,"'I made a decision to not be unbelievably busy.'

@Meshel_Laurie on beating busyness with Buddhism. https://t.co/7ynSgadRyq"
61,-0.25,1,2018-03-28 07:30:05,0.192,0.692,0.115,BBC,"üò§ Feeling moody? 
Your gut bacteria might be to blame...
üëâ https://t.co/2oPWKjf4D2 https://t.co/Xr5MwczfGR"
60,-0.7351,0,2018-03-28 08:00:02,0.256,0.744,0.0,BBC,"‚ù§Ô∏è After seeing her brother's struggles with depression, Luli's on a mission to break the stigma in the black commu‚Ä¶ https://t.co/kl1ak4Gu6w"
59,0.0,19,2018-03-28 09:14:19,0.0,1.0,0.0,BBC,"RT @bbcarts: Andrew Scott, as Hamlet, performs the opening lines of #Shakespeare's most famous soliloquy. Watch the full production at 9pm,‚Ä¶"
58,0.0,18,2018-03-28 09:53:41,0.0,1.0,0.0,BBC,üõÅüê§ Are your bathroom toys in-fact DEADLY? üò± https://t.co/YrtMOzTvrb
57,-0.3612,17,2018-03-28 10:33:03,0.135,0.865,0.0,BBC,Tickling sticks have been placed on statues in Liverpool ahead of Sir Ken Dodd's funeral. https://t.co/pPGGg07ZQi https://t.co/LSwzv5Qipw
56,0.0,16,2018-03-28 10:53:47,0.0,1.0,0.0,BBC,"RT @bbcthree: In our latest doc, we investigate allegations that R Kelly has been training a 14-year-old girl to be one his sex ""pets"" http‚Ä¶"
55,0.0,15,2018-03-28 11:04:03,0.0,1.0,0.0,BBC,"üò≤ Scientists in Australia have discovered the remains of a mummy in a 2,500-year-old coffin that was previously cla‚Ä¶ https://t.co/2S4q2mDImu"
54,0.3182,14,2018-03-28 11:30:09,0.056,0.837,0.108,BBC,‚ôªÔ∏èüëõ People in England will soon have to pay a deposit when they buy drinks bottles and cans in a bid to boost recyc‚Ä¶ https://t.co/qyKBqES5b3
53,0.0,13,2018-03-28 11:42:34,0.0,1.0,0.0,BBC,RT @BBCNewsround: Some advice from children on what NOT to say to people with an #invisiblecondition https://t.co/mGUj3TWB2J #Dynamo https:‚Ä¶
52,0.0,12,2018-03-28 11:45:32,0.0,1.0,0.0,BBC,RT @BBCBreakfast: Take a look at this if you're wondering WHO PAYS for running the new plastic bottle and can deposit scheme: https://t.co/‚Ä¶
51,-0.34,11,2018-03-28 11:47:08,0.098,0.902,0.0,BBC,"RT @bbcworldservice: Do you say fireman or firefighter? The woman in charge of the London Fire Brigade, Dany Cotton, says 'fireman' is sexi‚Ä¶"
50,0.0,10,2018-03-28 11:47:35,0.0,1.0,0.0,BBC,"RT @BBCRadio4: Listen to the first three episodes of The Hitchhiker's Guide to the Galaxy: Hexagonal Phase now.

https://t.co/GdvQZf3ijv

#‚Ä¶"
49,0.0,9,2018-03-28 11:49:07,0.0,1.0,0.0,BBC,"RT @BBCR1: ""Last night I did have a very, very large bra, and it was very, very sweaty.""

@JaredLeto lets @Grimmers know about what gets th‚Ä¶"
48,0.0,8,2018-03-28 11:50:54,0.0,1.0,0.0,BBC,RT @bbceurovision: We are starting a #Eurovision 2018 group chat. The tea from when @surieofficial met @saaraaalto üëâ https://t.co/c3PuiYT6S‚Ä¶
47,-0.3182,7,2018-03-28 12:26:01,0.113,0.887,0.0,BBC,"The Masked Plumber is back. 
And this time, he wants to show you how to unblock a sink trap. https://t.co/t1NIgRpZnO"
46,0.0,6,2018-03-28 13:32:04,0.0,1.0,0.0,BBC,"Two-thirds of drivers say they are ""regularly dazzled"" by oncoming headlights. üöò https://t.co/gwSgpsP6xx https://t.co/i9m9ph8QM1"
45,0.7506,5,2018-03-28 15:35:27,0.0,0.72,0.28,BBC,RT @BBCTheOneShow: The fantastic @george_ezra warming up with a quick cuppa after sound check. Join us at 7pm where he‚Äôll be performing liv‚Ä¶
44,0.0,4,2018-03-28 16:00:10,0.0,1.0,0.0,BBC,Slacking off in Dubai. https://t.co/a3oSKIxfSK
43,-0.8225,3,2018-03-28 16:30:00,0.312,0.688,0.0,BBC,The government rates the global outbreak of a deadly flu virus as a major threat to the UK. But how are flu vaccine‚Ä¶ https://t.co/wzMylfDBrP
42,0.296,2,2018-03-28 17:00:12,0.0,0.891,0.109,BBC,"üìö 'Words do not live in dictionaries. They live in the mind.'

Hear the only surviving recording of #VirginiaWoolf,‚Ä¶ https://t.co/Puwg8Mve7N"
41,0.0,1,2018-03-28 18:00:05,0.0,1.0,0.0,BBC,üáÆüá™ This 800-year-old hotel in Ireland is simply incredible.  #AmazingHotels https://t.co/OAKKCsexPW
499,-0.6705,19,2018-03-29 03:32:03,0.285,0.633,0.081,The New York Times,A top Morgan Stanley broker was repeatedly accused of violence against ex-wives and girlfriends. Bank managers were‚Ä¶ https://t.co/n5WfJMF3sA
498,-0.8625,18,2018-03-29 03:47:00,0.407,0.593,0.0,The New York Times,New police finding in Skripal poisoning case narrows the possibilities for how the victims were sickened https://t.co/8jQNusfhdi
497,0.2263,17,2018-03-29 03:54:55,0.249,0.395,0.356,The New York Times,"Mireille Knoll, Murdered Holocaust Survivor, Is Honored in Paris https://t.co/CK02eLDlje"
496,0.7783,16,2018-03-29 04:02:02,0.0,0.672,0.328,The New York Times,RT @maggieNYT: Trump called a supporter with a large megaphone - @therealroseanne - to thank her and congratulate her after the Roseanne re‚Ä¶
495,0.0,15,2018-03-29 04:08:47,0.0,1.0,0.0,The New York Times,"Anbang Was Seized by China. Now, It Has a Deal for You. https://t.co/3ZEHUjWgat"
494,0.0,14,2018-03-29 04:21:04,0.0,1.0,0.0,The New York Times,"Steven Spielberg ""is the only person who could have made this movie and the last person who should have been allowe‚Ä¶ https://t.co/m9H7reZA3R"
493,-0.7778,13,2018-03-29 04:41:06,0.393,0.533,0.074,The New York Times,RT @EricSchmittNYT: American drone strike in Libya kills top Qaeda recruiter and official warns of more attacks  https://t.co/nrGvlVj6l2
492,0.0,12,2018-03-29 05:02:02,0.0,1.0,0.0,The New York Times,2 Texas oil companies joined forces in the biggest deal yet in the Southwestern oil patch https://t.co/iLzaXURm1T
491,0.4404,11,2018-03-29 05:21:04,0.0,0.756,0.244,The New York Times,"These arctic foxes turned ""blue."" It was a good thing. https://t.co/PA6vz2GcCr"
490,0.2023,10,2018-03-29 05:41:06,0.0,0.917,0.083,The New York Times,"RT @NYTmag: Floating villages spread across the surface of the Mekong River‚Äôs waterways, playing host to ethnic Vietnamese whose status in‚Ä¶"
299,0.0,19,2018-03-29 05:50:05,0.0,1.0,0.0,CNN,"Nearly six years after being shot in the face and neck by the Taliban for advocating for the rights of girls, 20-ye‚Ä¶ https://t.co/KczXJChwpU"
489,0.0,9,2018-03-29 05:59:27,0.0,1.0,0.0,The New York Times,"Archaeologists believe the 13,000-year-old human footprints to be the earliest found so far in North America https://t.co/E0yEBAuT7n"
298,0.0,18,2018-03-29 06:01:02,0.0,1.0,0.0,CNN,"News that Cambridge Analytica, a data firm with ties to President Trump's campaign, reportedly accessed information‚Ä¶ https://t.co/zXJxncqU4g"
297,0.0,17,2018-03-29 06:07:33,0.0,1.0,0.0,CNN,RT @cnni: Historic meeting of North and South Korean leaders set for April 27th https://t.co/MCWvkJbFcp
296,-0.5267,16,2018-03-29 06:10:06,0.212,0.707,0.082,CNN,"Trump's three-front legal war turns on sex, money and Russia | Analysis by @StCollinson https://t.co/WQOP3ShEXE https://t.co/jpwG3XLWym"
295,0.5267,15,2018-03-29 06:16:59,0.182,0.455,0.364,CNN,A 12-year-old boy who survived cancer finally got his wish: a kiss from Pope Francis https://t.co/KaRc60GdZu https://t.co/hbxtGVh4cr
294,0.0,14,2018-03-29 06:24:05,0.0,1.0,0.0,CNN,"Kim Jong Un and Moon Jae-in are going to meet on April 27th for the first time since 2007, the two countries announ‚Ä¶ https://t.co/DBjzJS8ErG"
293,0.0,13,2018-03-29 06:31:05,0.0,1.0,0.0,CNN,"13,000-year-old footprints were found off the Canadian coast https://t.co/bOr0PIbBNC https://t.co/TXFETKOcG4"
488,0.6249,8,2018-03-29 06:31:05,0.0,0.83,0.17,The New York Times,RT @nytimesworld: Which makes sense? a) Pirate ships in a landlocked country; b) a 47-foot-high statue of Alexander the Great; c) a house d‚Ä¶
292,0.2263,12,2018-03-29 06:42:21,0.135,0.675,0.19,CNN,Boy in viral hug photo missing after family's car plunges off cliff https://t.co/nwFQnyi1GS
291,-0.5574,11,2018-03-29 06:43:06,0.146,0.854,0.0,CNN,"At least 68 people have died in a blaze that engulfed a jail in the Venezuelan city of Valencia, according to the c‚Ä¶ https://t.co/FVr5jPb0kM"
290,0.5267,10,2018-03-29 06:55:24,0.182,0.455,0.364,CNN,A 12-year-old boy who survived cancer finally got his wish: a kiss from Pope Francis https://t.co/KaRc60GdZu https://t.co/QUhA0Y7TPB
40,0.0,0,2018-03-29 07:00:10,0.0,1.0,0.0,BBC,"What do you get if you cross a polar bear and a grizzly? 

üêªüòç‚Ä¶ A pizzly! 
#DavidAttenboroughsNaturalCuriosities https://t.co/FwqiMiTd2m"
487,-0.6619,7,2018-03-29 07:02:05,0.318,0.531,0.151,The New York Times,"A waiter was fired for being combative, aggressive and something of a bully. His defense? He‚Äôs not rude. He‚Äôs Frenc‚Ä¶ https://t.co/HcN22Hi1zA"
486,0.6808,6,2018-03-29 07:08:18,0.0,0.556,0.444,The New York Times,5 Cheap(ish) Things to Help You Become a Better Baker https://t.co/3DEGbcF9IT
289,-0.7845,9,2018-03-29 07:15:02,0.341,0.588,0.071,CNN,Major companies are rushing to cut ties with top Australian cricket players who have been banned for cheating https://t.co/tADMGFEDRp
485,0.3612,5,2018-03-29 07:17:07,0.138,0.646,0.215,The New York Times,"RT @nytimesworld: ‚ÄúShe survived the Holocaust last century, I think she had a happy life, and yet she was killed at home in 2018, frail, an‚Ä¶"
288,-0.765,8,2018-03-29 07:22:05,0.423,0.577,0.0,CNN,Disgraced Aussie cricketers returning home after ball tampering ban https://t.co/aCnN6T0EuB https://t.co/L29OhHuw8Y
484,0.0,4,2018-03-29 07:26:50,0.0,1.0,0.0,The New York Times,North and South Korea Set a Date for Summit Meeting at Border https://t.co/OzOT8xXWRt
19,0.0,19,2018-03-29 07:27:07,0.0,1.0,0.0,BBC,üëÄüå∏ The world famous cherry blossoms of Japan bring hundreds of thousands of visitors to see them and this year they‚Ä¶ https://t.co/kGMsyZnWzi
39,0.0,19,2018-03-29 07:27:07,0.0,1.0,0.0,BBC,üëÄüå∏ The world famous cherry blossoms of Japan bring hundreds of thousands of visitors to see them and this year they‚Ä¶ https://t.co/kGMsyZnWzi
483,-0.6369,3,2018-03-29 07:32:06,0.208,0.792,0.0,The New York Times,"The traditional Cambodian hatred of the ethnic Vietnamese is ""almost pathological."" As a result, the ethnic Vietnam‚Ä¶ https://t.co/YnvHmoSf88"
287,0.5719,7,2018-03-29 07:40:05,0.0,0.709,0.291,CNN,Is art for pleasure or politics? https://t.co/Tht9kPmomp via @CNNStyle https://t.co/j216s534ZQ
286,0.0,6,2018-03-29 07:41:04,0.0,1.0,0.0,CNN,Two commercial pilots flying over the Arizona desert claim they saw an unidentified flying object pass overhead https://t.co/AoxqHuBT4h
482,-0.5423,2,2018-03-29 07:47:05,0.171,0.829,0.0,The New York Times,A Nazi-era law makes it a crime for German doctors to publicly advertise that they perform abortions. One gynecolog‚Ä¶ https://t.co/hMpDzvBXg6
285,-0.3182,5,2018-03-29 07:51:06,0.108,0.892,0.0,CNN,So-called stumbling stones -- memorials to victims of the Holocaust -- bring history to life for a new generation o‚Ä¶ https://t.co/lmRncp6va2
18,0.784,18,2018-03-29 08:00:12,0.0,0.655,0.345,BBC,üê∂‚ù§Ô∏è Biscuit the robotic pup is helping the elderly cope with conditions like dementia. What a good boy! https://t.co/5vpg6KS031
38,0.784,18,2018-03-29 08:00:12,0.0,0.655,0.345,BBC,üê∂‚ù§Ô∏è Biscuit the robotic pup is helping the elderly cope with conditions like dementia. What a good boy! https://t.co/5vpg6KS031
481,-0.296,1,2018-03-29 08:02:06,0.155,0.845,0.0,The New York Times,All the major firings and resignations in the Trump administration ‚Äî so far https://t.co/WKFrMOOi2e
480,0.6908,0,2018-03-29 08:14:03,0.0,0.737,0.263,The New York Times,"Thousands gathered in Paris to honor Mireille Knoll, an 85-year-old grandmother and Holocaust survivor who was murd‚Ä¶ https://t.co/qKALIjEMpJ"
284,0.0,4,2018-03-29 08:14:30,0.0,1.0,0.0,CNN,The first case of super-resistant gonorrhea has been reported in the UK https://t.co/i2Xjjj1QmY https://t.co/z00NIFgHiO
283,0.0,3,2018-03-29 08:24:44,0.0,1.0,0.0,CNN,"The far right's ""noxious populism"" has seeped into the highest halls of power in Germany | @CNNOpinion https://t.co/w6OYMyIAsk"
479,0.0,19,2018-03-29 08:30:08,0.0,1.0,0.0,The New York Times,"Malala Yousafzai, the Pakistani activist for girls‚Äô education, returned to Pakistan in her first visit since an att‚Ä¶ https://t.co/LlfYLCzQ58"
282,0.0,2,2018-03-29 08:37:38,0.0,1.0,0.0,CNN,"A lanyard around her neck held an ID card from the International Organization for Migration.

""I am a refugee from‚Ä¶ https://t.co/dNY589EbX0"
478,-0.6908,18,2018-03-29 08:45:03,0.271,0.729,0.0,The New York Times,"An emergency medical worker who was exposed to the nerve agent became ill after going to Sergei Skripal's house, su‚Ä¶ https://t.co/CFibQllrCU"
281,0.0,1,2018-03-29 08:48:13,0.0,1.0,0.0,CNN,"Ireland, which has some of the strictest abortion laws in the developed world, will vote on whether abortion should‚Ä¶ https://t.co/JXJ3vTlW2U"
280,0.0,0,2018-03-29 08:58:39,0.0,1.0,0.0,CNN,Plastic bottles make up a third of the litter in our oceans https://t.co/bRAerh1o2w
477,0.296,17,2018-03-29 09:00:12,0.0,0.885,0.115,The New York Times,"President Trump's lawyer discussed pardons for Michael Flynn and Paul Manafort last year, according to three people‚Ä¶ https://t.co/07AMIMDgRr"
279,0.0772,19,2018-03-29 09:09:33,0.101,0.783,0.115,CNN,"Learn from the Holocaust and stop the massacre in Syria, say Holocaust survivor @EvaMozesKor and human rights activ‚Ä¶ https://t.co/7tZ4OLCfQj"
476,-0.8625,16,2018-03-29 09:15:04,0.348,0.652,0.0,The New York Times,"At least 68 people died when a fire erupted during a riot at a jail in the northern Venezuelan city of Valencia, th‚Ä¶ https://t.co/nsdFiGqvg9"
278,0.0,18,2018-03-29 09:20:10,0.0,1.0,0.0,CNN,This teen inventor is developing 20-foot air filters to rid cities of pollution https://t.co/8C6Icp7NjP
475,-0.4767,15,2018-03-29 09:30:11,0.147,0.853,0.0,The New York Times,"Ecuador suspended internet access for Julian Assange, the WikiLeaks founder who since 2012 has lived in Ecuador‚Äôs E‚Ä¶ https://t.co/bsONTosvaX"
277,0.5994,17,2018-03-29 09:30:52,0.0,0.719,0.281,CNN,There's more to do in the Caribbean than beautiful beaches https://t.co/Lgj893cMP5
276,-0.296,16,2018-03-29 09:42:02,0.104,0.896,0.0,CNN,"The White House refused to answer if Trump was aware of a $130,000 payment made to porn star Stormy Daniels‚Ä¶ https://t.co/hg3G7BrEBz"
474,-0.4588,14,2018-03-29 09:44:04,0.125,0.875,0.0,The New York Times,"""He threatened to burn down my house with me in it,"" one woman wrote in her application for a restraining order. ""H‚Ä¶ https://t.co/QVE25KoUL5"
275,0.3612,15,2018-03-29 09:50:17,0.0,0.878,0.122,CNN,This is what life is like for would-be immigrants to the US from Mexico and Central America https://t.co/jfvm5dYRZc https://t.co/WuacEV8DrL
473,0.0,13,2018-03-29 10:00:19,0.0,1.0,0.0,The New York Times,Morning¬†Briefing: Here's what you need to know to start your day https://t.co/a0SeLW9cx8 https://t.co/Yo3BKmpuVw
274,-0.7461,14,2018-03-29 10:01:06,0.346,0.654,0.0,CNN,There's not a 'snowflake's chance in hell' of repealing the Second Amendment | @CNNPolitics Analysis‚Ä¶ https://t.co/jUoo3b3R2E
273,0.0,13,2018-03-29 10:12:31,0.0,1.0,0.0,CNN,Here's how to get the most for your money out of a plane ticket https://t.co/Q8FTiE47Xs https://t.co/6l2ypwiDTV
472,0.0,12,2018-03-29 10:16:01,0.0,1.0,0.0,The New York Times,Indian officials have been ordered to stay away from the Dalai Lama's rally thanking India for hosting his exile https://t.co/Wjdoz0O7h8
37,0.6908,17,2018-03-29 10:18:02,0.0,0.769,0.231,BBC,"RT @BBCRadio2: Today we say farewell to the brilliant @RealLynnBowles. üò¢
Her sharp wit, warm tones, and encyclopaedic knowledge of the UK's‚Ä¶"
17,0.6908,17,2018-03-29 10:18:02,0.0,0.769,0.231,BBC,"RT @BBCRadio2: Today we say farewell to the brilliant @RealLynnBowles. üò¢
Her sharp wit, warm tones, and encyclopaedic knowledge of the UK's‚Ä¶"
272,-0.4767,12,2018-03-29 10:23:42,0.134,0.866,0.0,CNN,"There are visible, external signs that can indicate if something is wrong with your heart -- check your fingers, ea‚Ä¶ https://t.co/JYQe40u1hp"
471,0.0,11,2018-03-29 10:30:08,0.0,1.0,0.0,The New York Times,"In Opinion

David J. Shulkin writes: ""In recent months, the environment in Washington has turned so toxic, chaotic,‚Ä¶ https://t.co/AEhlToRpOV"
271,0.3384,11,2018-03-29 10:34:52,0.0,0.888,0.112,CNN,This $200 billion solar power project in Saudi Arabia would generate far more energy than any existing solar project https://t.co/SIUG3TYcBE
470,0.0,10,2018-03-29 10:44:04,0.0,1.0,0.0,The New York Times,"North Korea‚Äôs leader, Kim Jong-un, and President Moon Jae-in of South Korea will meet for the first time on April 2‚Ä¶ https://t.co/Y6HqEMb2cL"
270,0.0,10,2018-03-29 10:46:01,0.0,1.0,0.0,CNN,"SIDS -- long regarded as an unexplained phenomenon -- may have a genetic basis in some cases, a new study suggests‚Ä¶ https://t.co/BYWperinTu"
269,0.25,9,2018-03-29 10:52:07,0.0,0.895,0.105,CNN,"The Democratic advantage on the generic congressional ballot has tightened to 6 percentage points, a new CNN poll c‚Ä¶ https://t.co/mVmgSpFqpf"
268,-0.3052,8,2018-03-29 10:54:00,0.13,0.87,0.0,CNN,"Why Americans are so obsessed with the British royal family (besides the accents, obviously) https://t.co/apKejmFXSP https://t.co/S2SpEYT6fh"
469,0.0,9,2018-03-29 10:59:02,0.0,1.0,0.0,The New York Times,"RT @nytimesworld: For the first time since militants shot her 6 years ago simply because she wanted girls to be able to go to school, Malal‚Ä¶"
36,-0.6249,16,2018-03-29 11:00:21,0.295,0.581,0.124,BBC,"This bizarrely cute creature is just the latest species to suffer a social media selfie ban. 
üëâ‚Ä¶ https://t.co/bG9qcXtouW"
16,-0.6249,16,2018-03-29 11:00:21,0.295,0.581,0.124,BBC,"This bizarrely cute creature is just the latest species to suffer a social media selfie ban. 
üëâ‚Ä¶ https://t.co/bG9qcXtouW"
267,0.0,7,2018-03-29 11:03:17,0.0,1.0,0.0,CNN,This is literally the quietest place on Earth https://t.co/8g7T0e9sSg https://t.co/MIrkgW2g6Y
468,0.802,8,2018-03-29 11:14:03,0.0,0.675,0.325,The New York Times,"President Trump called Roseanne Barr to congratulate her on the revival of her comedy, ""Roseanne,"" and to thank her‚Ä¶ https://t.co/64i024KWXP"
266,-0.8126,6,2018-03-29 11:27:38,0.331,0.669,0.0,CNN,A South African woman who hurled racist slurs at a black police officer has been sentenced to three years in prison  https://t.co/GKJhU0aCcI
467,0.0,7,2018-03-29 11:30:09,0.0,1.0,0.0,The New York Times,"Heineken pulled a series of commercials for light beer this week that featured the tagline ‚Äúsometimes, lighter is b‚Ä¶ https://t.co/mTsW3XyLNJ"
265,0.2023,5,2018-03-29 11:39:38,0.113,0.735,0.152,CNN,"Students, parents and friends of the Parkland shooting victims sorted through dozens of hand-written letters, poems‚Ä¶ https://t.co/c291LnnlB1"
466,0.296,6,2018-03-29 11:41:01,0.0,0.896,0.104,The New York Times,The talks about possible pardons suggest that the White House was concerned about what Michael Flynn and Paul Manaf‚Ä¶ https://t.co/k90k3WE2PR
465,0.0,5,2018-03-29 11:51:03,0.0,1.0,0.0,The New York Times,"In Opinion

Op-Ed columnist Lindy West writes: ""Transphobia is not a pet issue of the hypersensitive but a continui‚Ä¶ https://t.co/5pv7ZR0qTe"
264,0.0,4,2018-03-29 11:51:15,0.0,1.0,0.0,CNN,A judge is expected to rule today whether it's excessive to keep the younger brother of the Parkland school shooter‚Ä¶ https://t.co/zvzTHupjYW
464,0.0,4,2018-03-29 12:00:08,0.0,1.0,0.0,The New York Times,"Your daily @DealBook Briefing:

‚Ä¢ Are we witnessing the end of a tech boom?
¬†
‚Ä¢ President Trump wants to rein in Am‚Ä¶ https://t.co/VMJOV91yOl"
263,-0.7783,3,2018-03-29 12:03:36,0.327,0.673,0.0,CNN,"David Shulkin, fired as Veterans Affairs secretary Wednesday, blasted the ""toxic, chaotic, disrespectful and subver‚Ä¶ https://t.co/RTlZPRM1Ty"
463,0.34,3,2018-03-29 12:15:04,0.0,0.87,0.13,The New York Times,"Dana Carvey impersonated John Bolton, President Trump's incoming national security adviser, on ""The Late Show."" Our‚Ä¶ https://t.co/Y7dFrzM7AJ"
262,0.2732,2,2018-03-29 12:16:30,0.0,0.877,0.123,CNN,"The President called Roseanne Barr, a vocal Trump supporter, after her series premiere received gangbuster ratings‚Ä¶ https://t.co/zZvfjfEYpu"
462,0.5563,2,2018-03-29 12:29:02,0.0,0.796,0.204,The New York Times,"The reboot of ""Roseanne"" got off to an enormously strong start on Tuesday night https://t.co/fciUqSQft9"
261,-0.6124,1,2018-03-29 12:29:32,0.19,0.81,0.0,CNN,Soccer's world governing body FIFA says it's gathering evidence into racist chants directed at French players durin‚Ä¶ https://t.co/ji5jNc3OcV
35,0.8268,15,2018-03-29 12:31:03,0.0,0.701,0.299,BBC,"Happy birthday to Alfred and Robert! üéà üéâ Britain's two oldest men, born on the same day, have been celebrating turn‚Ä¶ https://t.co/R7GXbEXl3v"
15,0.8268,15,2018-03-29 12:31:03,0.0,0.701,0.299,BBC,"Happy birthday to Alfred and Robert! üéà üéâ Britain's two oldest men, born on the same day, have been celebrating turn‚Ä¶ https://t.co/R7GXbEXl3v"
260,0.6808,0,2018-03-29 12:43:34,0.0,0.752,0.248,CNN,"Evangelical Jerry Falwell Jr. compares his support for President Trump to that of supporters of Bill Clinton, ""who‚Ä¶ https://t.co/7kg7NvllWc"
461,0.4215,1,2018-03-29 12:46:02,0.0,0.872,0.128,The New York Times,"In 2014, one of the Hart family's six adopted children drew widespread attention when he was photographed hugging a‚Ä¶ https://t.co/cl8LtWUh6I"
259,0.6369,19,2018-03-29 12:56:49,0.089,0.61,0.301,CNN,"This curious cheetah hopped into a car on a safari trip. Thankfully, everyone remained calm, and no one was hurt‚Ä¶ https://t.co/jG7WQxg61Z"
460,0.0,0,2018-03-29 13:00:18,0.0,1.0,0.0,The New York Times,Morning¬†Briefing: Here's what you need to know to start your day https://t.co/4Xted0wXzR https://t.co/3De96lruQp
258,-0.3182,18,2018-03-29 13:10:01,0.119,0.881,0.0,CNN,JUST IN: House Democrats are calling on the FBI to investigate whether Jared Kushner leaked classified information‚Ä¶ https://t.co/SaiUdGB39s
459,0.2013,19,2018-03-29 13:17:06,0.121,0.645,0.234,The New York Times,"President Trump attacked Amazon, saying that it does not pay enough taxes and uses the United States postal system‚Ä¶ https://t.co/xfNf0osQpD"
257,0.0,17,2018-03-29 13:20:37,0.0,1.0,0.0,CNN,Sony Pictures Television is co-developing three TV projects -- including a series on an all-female group warriors -‚Ä¶ https://t.co/u5caRQcw7B
256,0.0,16,2018-03-29 13:29:02,0.0,1.0,0.0,CNN,Correct link: https://t.co/c56GtvSFBD
458,0.0,18,2018-03-29 13:31:06,0.0,1.0,0.0,The New York Times,"In Opinion

Op-Ed columnist @BretStephensNYT writes: ""What happens now will be a test for the global left: If it is‚Ä¶ https://t.co/xqbFsrMCxC"
255,0.0,15,2018-03-29 13:31:20,0.0,1.0,0.0,CNN,Donald Trump Jr. hit back at former Florida Governor Jeb Bush on Twitter after Bush's remarks about having children‚Ä¶ https://t.co/pYPYohqrNJ
254,0.0,14,2018-03-29 13:38:41,0.0,1.0,0.0,CNN,"Two commercial pilots flying over the Arizona desert claim they saw an unidentified flying object pass overhead, ac‚Ä¶ https://t.co/nzA1botDwo"
457,-0.296,17,2018-03-29 13:44:05,0.171,0.714,0.114,The New York Times,"She died at 17, giving her life to the cause of Korean resistance to Japanese rule https://t.co/j259G6YI6P"
253,0.0,13,2018-03-29 13:45:57,0.0,1.0,0.0,CNN,The first case of super-resistant gonorrhea has been reported in the UK https://t.co/K8EfZkuPZn https://t.co/E5B7iheRl1
252,0.0,12,2018-03-29 13:53:19,0.0,1.0,0.0,CNN,"The ""Sharknado"" movies will end after sixth installment this summer https://t.co/1raeFLUGWR https://t.co/Zqi6BHGQKn"
456,-0.296,16,2018-03-29 14:00:22,0.155,0.845,0.0,The New York Times,All the major firings and resignations in the Trump administration ‚Äî so far https://t.co/Zum0htqCdF
251,-0.5267,11,2018-03-29 14:05:00,0.212,0.707,0.082,CNN,"Trump's three-front legal war turns on sex, money and Russia | Analysis by @StCollinson https://t.co/ZoumQWiyBm https://t.co/Zmp55JPXyg"
34,0.0,14,2018-03-29 14:07:48,0.0,1.0,0.0,BBC,RT @bbcpress: Everyone's favourite fox reads out #MeanTweets (if he can get the right app open). For more @RealBasilBrush watch #Generation‚Ä¶
14,0.0,14,2018-03-29 14:07:48,0.0,1.0,0.0,BBC,RT @bbcpress: Everyone's favourite fox reads out #MeanTweets (if he can get the right app open). For more @RealBasilBrush watch #Generation‚Ä¶
399,0.0,19,2018-03-29 14:09:02,0.0,1.0,0.0,Fox News,"President @realDonaldTrump's sons @DonaldJTrumpJr and @EricTrump slammed @JebBush, who reportedly said that he has‚Ä¶ https://t.co/ZOWpS7AN7M"
455,0.4767,15,2018-03-29 14:11:06,0.115,0.639,0.246,The New York Times,"Rusty Staub, a fan favorite for the New York Mets who played in the majors for more than two decades, has died at 73 https://t.co/Tcjj8dj7GK"
250,0.2732,10,2018-03-29 14:17:41,0.154,0.648,0.198,CNN,The British bank Barclays has agreed to pay the United States $2 billion for allegedly deceiving investors about mo‚Ä¶ https://t.co/pUFKThJhtH
398,0.0,18,2018-03-29 14:19:57,0.0,1.0,0.0,Fox News,".@kayleighmcenany: ""Our RNC internal polling shows that in every single one of our target states there is a positiv‚Ä¶ https://t.co/ZL1WtaS5n9"
454,0.3182,14,2018-03-29 14:21:06,0.097,0.705,0.198,The New York Times,"To secure trade agreements quickly, the White House has taken a contentious approach to negotiations not seen in de‚Ä¶ https://t.co/reV37SloPb"
33,0.0,13,2018-03-29 14:21:11,0.0,1.0,0.0,BBC,"üéπüé∂ Why it's never too late to learn an instrument. 
üëâ https://t.co/lbBppX8XlO

#PianoDay https://t.co/x1CegC7iho"
13,0.0,13,2018-03-29 14:21:11,0.0,1.0,0.0,BBC,"üéπüé∂ Why it's never too late to learn an instrument. 
üëâ https://t.co/lbBppX8XlO

#PianoDay https://t.co/x1CegC7iho"
397,0.6369,17,2018-03-29 14:24:15,0.0,0.656,0.344,Fox News,Fox News Poll: Best describes feelings about economy. https://t.co/OW9JI46KbM
396,0.0,16,2018-03-29 14:25:49,0.0,1.0,0.0,Fox News,".@kayleighmcenany: ""We have a pro-jobs, pro-business president in the @WhiteHouse who is looking out for the people‚Ä¶ https://t.co/DmXlsq17O6"
249,0.0,9,2018-03-29 14:29:38,0.0,1.0,0.0,CNN,Are Trump and congressional Republicans really on the rise or is it only a statistical illusion?ÔΩú Analysis by Harry‚Ä¶ https://t.co/0TqcDpOWkj
453,0.4854,13,2018-03-29 14:30:04,0.0,0.853,0.147,The New York Times,"RT @nytimesarts: ""I had all the fame and the money and everything that went with it, but I started realizing what was important to me was m‚Ä¶"
395,-0.6249,15,2018-03-29 14:34:04,0.231,0.769,0.0,Fox News,"On @foxandfriends, @DLoesch talked about her son, who complained that when the media covers the gun control debate,‚Ä¶ https://t.co/2YngjPt2Ks"
248,-0.4404,8,2018-03-29 14:41:28,0.195,0.805,0.0,CNN,"Bumble is now countersuing Tinder's parent company, seeking $400 million in damages https://t.co/wu2oO7WUTH"
452,0.0,12,2018-03-29 14:45:08,0.0,1.0,0.0,The New York Times,"""The business that she's in ‚Äî I'm sorry,"" said Debbie Lesko, a Republican candidate for Congress, about Stormy Dani‚Ä¶ https://t.co/TmWSzHRB74"
247,0.3818,7,2018-03-29 14:53:09,0.0,0.66,0.34,CNN,Trump vs. Amazon: Let's set the record straight https://t.co/wLAg12acye
451,0.0,11,2018-03-29 15:01:26,0.0,1.0,0.0,The New York Times,It's #OpeningDay of üå≠ season https://t.co/oSE1ImH7yJ
394,0.3612,14,2018-03-29 15:01:54,0.075,0.755,0.17,Fox News,Rare video released of U.S. special operators on raid to target ISIS fighters. https://t.co/YGiFTTZ68I
450,0.3612,10,2018-03-29 15:02:10,0.0,0.828,0.172,The New York Times,In case you'd like some baseball to go with your hot dogs: https://t.co/rNN6Muqx7Q
12,0.0,12,2018-03-29 15:04:02,0.0,1.0,0.0,BBC,"üòÇ So, who's going out tonight? https://t.co/u2L4sEKjE2"
32,0.0,12,2018-03-29 15:04:02,0.0,1.0,0.0,BBC,"üòÇ So, who's going out tonight? https://t.co/u2L4sEKjE2"
393,-0.2263,13,2018-03-29 15:04:25,0.16,0.84,0.0,Fox News,"Jesus was 'drag king' with 'queer desires,' claims theology professor https://t.co/7wnpx910pu"
246,0.0,6,2018-03-29 15:05:25,0.0,1.0,0.0,CNN,President Trump's plan to fix America's infrastructure by leveraging local and state tax dollars and private invest‚Ä¶ https://t.co/R5G7uzG6DV
392,0.0,12,2018-03-29 15:14:57,0.0,1.0,0.0,Fox News,"California man tried to arrange to have sex with 4-year-old girl, police say https://t.co/MOU0ECCd0O"
449,0.0,9,2018-03-29 15:15:06,0.0,1.0,0.0,The New York Times,"Gym.
Tan.
Laundry.
Check on the kids. 
https://t.co/YtSTBB01iy"
245,0.25,5,2018-03-29 15:18:30,0.0,0.895,0.105,CNN,"Sarah Jessica Parker has endorsed her ""Sex and the City"" costar Cynthia Nixon for New York governor‚Ä¶ https://t.co/eJDqKKI8KX"
391,0.0,11,2018-03-29 15:21:15,0.0,1.0,0.0,Fox News,China's Tiangong-1 space lab set to fall to Earth: What to expect https://t.co/gFAEkUi1W4
11,0.0,11,2018-03-29 15:24:08,0.0,1.0,0.0,BBC,RT @BBCTwo: Imagine living in this incredible Swiss chalet! üòçüá®üá≠ #TheWorldsMostExtraordinaryHomes https://t.co/NofijuERJg
31,0.0,11,2018-03-29 15:24:08,0.0,1.0,0.0,BBC,RT @BBCTwo: Imagine living in this incredible Swiss chalet! üòçüá®üá≠ #TheWorldsMostExtraordinaryHomes https://t.co/NofijuERJg
10,0.0,10,2018-03-29 15:26:27,0.0,1.0,0.0,BBC,"RT @bbcideas: Author Lionel Shriver says we project ourselves on to our possessions ‚Äì and that she is her toy donkey, Clippety üòä.

We'd lik‚Ä¶"
30,0.0,10,2018-03-29 15:26:27,0.0,1.0,0.0,BBC,"RT @bbcideas: Author Lionel Shriver says we project ourselves on to our possessions ‚Äì and that she is her toy donkey, Clippety üòä.

We'd lik‚Ä¶"
390,0.0,10,2018-03-29 15:29:04,0.0,1.0,0.0,Fox News,.@Judgenap: Mueller Just Dropped 'Biggest Hint' Yet of Trump-Russia Collusion https://t.co/ngDP4itB9w
448,-0.6486,8,2018-03-29 15:30:09,0.185,0.815,0.0,The New York Times,"Two police officers, 10 minutes, 20 bullets. Another unarmed black man is dead, and a furor over police shootings i‚Ä¶ https://t.co/YXsidv3siL"
244,0.0,4,2018-03-29 15:31:02,0.0,1.0,0.0,CNN,Here are all the questions every candidate should have to answer in 2018 https://t.co/fkdvGkAy5q https://t.co/JoWZTVJwZu
29,0.0,9,2018-03-29 15:31:22,0.0,1.0,0.0,BBC,RT @bbcwritersroom: #OrdealByInnocence begins on @BBCOne on Easter Sunday 1st April at 9pm and @BBCiPlayer. #Screenwriter @PhelpsieSarah ex‚Ä¶
9,0.0,9,2018-03-29 15:31:22,0.0,1.0,0.0,BBC,RT @bbcwritersroom: #OrdealByInnocence begins on @BBCOne on Easter Sunday 1st April at 9pm and @BBCiPlayer. #Screenwriter @PhelpsieSarah ex‚Ä¶
389,0.4767,9,2018-03-29 15:40:00,0.0,0.795,0.205,Fox News,Purple Heart medal found at Arizona pawnshop returned to family (via @travfed)  https://t.co/HsFMAm3LEN
388,0.0,8,2018-03-29 15:41:15,0.0,1.0,0.0,Fox News,"Dan Palmer: ""Trump's visit out here to California stirred up @TheDemocrats to go out and do a bunch of wacky things‚Ä¶ https://t.co/gX0bcAh8cB"
28,0.0,8,2018-03-29 15:41:25,0.0,1.0,0.0,BBC,"RT @bbcarts: This Picture Wall in Lahore, Pakistan stretches for over 450 metres and is full of mesmerising mosaics https://t.co/ZFhuF7PiQP"
8,0.0,8,2018-03-29 15:41:25,0.0,1.0,0.0,BBC,"RT @bbcarts: This Picture Wall in Lahore, Pakistan stretches for over 450 metres and is full of mesmerising mosaics https://t.co/ZFhuF7PiQP"
387,0.4939,7,2018-03-29 15:41:50,0.161,0.536,0.304,Fox News,Retired military pilot 'died a hero' trying to save kids from drowning at Florida beach https://t.co/3M0ysBot5g
243,0.0,3,2018-03-29 15:44:56,0.0,1.0,0.0,CNN,"Model Janice Dickinson has been subpoenaed to testify at the retrial of Bill Cosby, according to a source close to‚Ä¶ https://t.co/pQ95dUxvVq"
447,0.3182,7,2018-03-29 15:45:11,0.0,0.892,0.108,The New York Times,"Under Ben Carson, the HUD is attempting to scale back federal efforts to enforce fair housing laws, sidelining offi‚Ä¶ https://t.co/x98dzX1hft"
386,0.3182,6,2018-03-29 15:49:20,0.0,0.874,0.126,Fox News,".@EmilyCompagno: ""Law enforcement learned via [Noor Salman's] mouth that Omar Mateen was actively preparing for jih‚Ä¶ https://t.co/htunhNMDw6"
446,0.0,6,2018-03-29 15:52:04,0.0,1.0,0.0,The New York Times,"At 26, the Cuban artist Belkis Ay√≥n was invited to show at the Venice Biennale in Italy. But first, she had to get‚Ä¶ https://t.co/e2NUHSlGOM"
445,-0.6124,5,2018-03-29 15:54:59,0.167,0.833,0.0,The New York Times,"RT @nytimesbusiness: How a racist hoodie made its way through the design, production and marketing process without being caught, and how co‚Ä¶"
444,0.0,4,2018-03-29 15:57:28,0.0,1.0,0.0,The New York Times,"RT @nytgraphics: People often point to Beirut when they talk about design in the Middle East. ‚ÄúBeirut is saturated,‚Äù counter the founders o‚Ä¶"
385,0.4019,5,2018-03-29 15:58:52,0.0,0.856,0.144,Fox News,'Roseanne's' Sandra Bernhard says women who support Trump are unable to 'think for themselves' (via @Sashafb) https://t.co/tDenoduv8Q
242,0.0,2,2018-03-29 15:59:35,0.0,1.0,0.0,CNN,Several of President Trump's outside advisers have told him over the past week he requires neither a chief of staff‚Ä¶ https://t.co/85L7aHvMx1
443,-0.5859,3,2018-03-29 16:00:28,0.223,0.714,0.063,The New York Times,"According to a lawsuit filed by a criminal defense lawyer, a judge told him that he spent too much time defending i‚Ä¶ https://t.co/IFezlRJ7pR"
27,-0.3164,7,2018-03-29 16:03:03,0.534,0.466,0.0,BBC,‚úä Plastic protest! https://t.co/9m59wayYH8
7,-0.3164,7,2018-03-29 16:03:03,0.534,0.466,0.0,BBC,‚úä Plastic protest! https://t.co/9m59wayYH8
384,0.0,4,2018-03-29 16:03:55,0.0,1.0,0.0,Fox News,.@POTUS departs Joint Base Andrews en route to Ohio. https://t.co/QSMZKfRhIL
383,0.0,3,2018-03-29 16:04:24,0.0,1.0,0.0,Fox News,Happening Now: @POTUS traveling to Ohio for speech on infrastructure. https://t.co/ZymwN3M3yD
241,0.4215,1,2018-03-29 16:09:38,0.0,0.865,0.135,CNN,"Johan van Hulst, a former Dutch senator and teacher who saved hundreds of Jewish children during the Holocaust, die‚Ä¶ https://t.co/alA5xV39FW"
382,-0.296,2,2018-03-29 16:09:38,0.18,0.82,0.0,Fox News,"Father crashes daughter's proposal, holds up sign reading 'Say no' https://t.co/MfFZQUalmT"
381,-0.5859,1,2018-03-29 16:11:34,0.324,0.676,0.0,Fox News,"Cops confront Domino's employee over undelivered pizza, get suspended (via @JaninePuhak) https://t.co/Lx5YqcZZse"
380,0.0,0,2018-03-29 16:12:05,0.0,1.0,0.0,Fox News,".@KennedyNation: ""We're going in the right direction if you're talking about privatization and the VA... We have do‚Ä¶ https://t.co/DhupbjABIQ"
26,0.784,6,2018-03-29 16:12:19,0.0,0.712,0.288,BBC,RT @BBCTaster: We've just released a host of amazing new artefacts for the #CivilisationsAR app! Discover history's treasures wherever you‚Ä¶
6,0.784,6,2018-03-29 16:12:19,0.0,0.712,0.288,BBC,RT @BBCTaster: We've just released a host of amazing new artefacts for the #CivilisationsAR app! Discover history's treasures wherever you‚Ä¶
379,-0.296,19,2018-03-29 16:13:47,0.104,0.896,0.0,Fox News,"RT @FoxBusiness: .@JCLayfield on Netflix adding Susan Rice to their board: ""If your worried about being regulated by a Republican administr‚Ä¶"
442,-0.3182,2,2018-03-29 16:15:08,0.172,0.711,0.117,The New York Times,"RT @nytimesbusiness: Outside the United States, social media is fueling real-world violence and empowering autocrats, often with much less‚Ä¶"
441,0.4019,1,2018-03-29 16:17:15,0.0,0.847,0.153,The New York Times,"RT @_StephenCastle: ‚ÄúMore conspicuous, more commonplace and more corrosive‚Äù - the anti-Semitism afflicting Britain's Labour Party https://t‚Ä¶"
440,-0.4404,0,2018-03-29 16:23:06,0.132,0.868,0.0,The New York Times,Eric Holder says he'll sue the Trump administration to block it from adding a question about citizenship to the 202‚Ä¶ https://t.co/Wlu56Y3Pwf
378,-0.802,18,2018-03-29 16:24:20,0.34,0.66,0.0,Fox News,"Family killed in California cliff crash had recent visit from Child Protective Services, police say https://t.co/Jh9Lq9ZXql"
240,0.7096,0,2018-03-29 16:24:23,0.0,0.781,0.219,CNN,Spotify is getting ready to go public. Apple Music is owned by the richest tech company in the world. So where does‚Ä¶ https://t.co/2KI4FyPyEq
439,0.4404,19,2018-03-29 16:30:15,0.094,0.735,0.171,The New York Times,How a 16-year-old girl named Yu Gwan-sun became the face of Korea‚Äôs struggle for freedom in the spring of 1919 https://t.co/dsU9QuANDN
419,0.4404,19,2018-03-29 16:30:15,0.094,0.735,0.171,The New York Times,How a 16-year-old girl named Yu Gwan-sun became the face of Korea‚Äôs struggle for freedom in the spring of 1919 https://t.co/dsU9QuANDN
377,0.3818,17,2018-03-29 16:34:09,0.0,0.867,0.133,Fox News,".@trish_regan: ""We need to protect Americans. I don't understand why this should even be a controversy in the first‚Ä¶ https://t.co/pBCnmHDMFp"
376,0.6124,16,2018-03-29 16:35:22,0.0,0.773,0.227,Fox News,News Alert: California officials issue new guidance for sanctuary law claiming it allows sharing of info with feds. https://t.co/4R4COajy3R
438,-0.8625,18,2018-03-29 16:37:32,0.348,0.652,0.0,The New York Times,At least 68 people died in a fire in a Venezuelan jail. The authorities fired tear gas and rubber bullets at grievi‚Ä¶ https://t.co/0c7UVCIEkE
418,-0.8625,18,2018-03-29 16:37:32,0.348,0.652,0.0,The New York Times,At least 68 people died in a fire in a Venezuelan jail. The authorities fired tear gas and rubber bullets at grievi‚Ä¶ https://t.co/0c7UVCIEkE
219,0.17,19,2018-03-29 16:39:22,0.108,0.758,0.134,CNN,More than half of Americans think Trump will lose in 2020. But that hasn't doomed past presidents from getting re-e‚Ä¶ https://t.co/OG9iQGYqiF
239,0.17,19,2018-03-29 16:39:22,0.108,0.758,0.134,CNN,More than half of Americans think Trump will lose in 2020. But that hasn't doomed past presidents from getting re-e‚Ä¶ https://t.co/OG9iQGYqiF
375,0.0,15,2018-03-29 16:43:02,0.0,1.0,0.0,Fox News,".@Zac_Petkanas: ""The midterms should be about three things: It should be about healthcare, it should be about the t‚Ä¶ https://t.co/jwKwcID8U8"
374,0.4767,14,2018-03-29 16:44:50,0.0,0.846,0.154,Fox News,".@trish_regan: ""American voters have basically looked past a lot. I've talked to some friends I have down South, so‚Ä¶ https://t.co/uneseTRQ2L"
437,0.1531,17,2018-03-29 16:45:04,0.095,0.785,0.12,The New York Times,‚ÄúA lot of white people are truly shocked by what these videos depict; I know very few African-Americans who are sur‚Ä¶ https://t.co/GeIH1cZwdE
417,0.1531,17,2018-03-29 16:45:04,0.095,0.785,0.12,The New York Times,‚ÄúA lot of white people are truly shocked by what these videos depict; I know very few African-Americans who are sur‚Ä¶ https://t.co/GeIH1cZwdE
436,-0.7713,16,2018-03-29 16:46:47,0.271,0.729,0.0,The New York Times,The shooting has reignited the kind of protests against police killings that spread over the past several years in‚Ä¶ https://t.co/XV3YduMu0f
416,-0.7713,16,2018-03-29 16:46:47,0.271,0.729,0.0,The New York Times,The shooting has reignited the kind of protests against police killings that spread over the past several years in‚Ä¶ https://t.co/XV3YduMu0f
373,0.4019,13,2018-03-29 16:48:22,0.0,0.838,0.162,Fox News,'Roseanne's' Sandra Bernhard says women who support Trump are unable to 'think for themselves'‚Ä¶ https://t.co/8bWKbvEshM
238,-0.4767,18,2018-03-29 16:54:01,0.171,0.829,0.0,CNN,A London orchestra's brass section was so loud a violist says it ruined his hearing. A judge agreed.‚Ä¶ https://t.co/qbFZROl5NV
218,-0.4767,18,2018-03-29 16:54:01,0.171,0.829,0.0,CNN,A London orchestra's brass section was so loud a violist says it ruined his hearing. A judge agreed.‚Ä¶ https://t.co/qbFZROl5NV
372,0.0,12,2018-03-29 16:54:40,0.0,1.0,0.0,Fox News,"Two pilots say they witnessed UFO while flying plane above Arizona, audio reveals https://t.co/7aGcTwZ6V4"
371,0.4902,11,2018-03-29 16:55:45,0.0,0.804,0.196,Fox News,".@KennedyNation: ""@JoeBiden... wouldn't done so much better than @HillaryClinton against @realDonaldTrump - and Dem‚Ä¶ https://t.co/2eMVFxJK9C"
415,-0.296,15,2018-03-29 17:00:20,0.109,0.891,0.0,The New York Times,"Charlie Walk, who worked with artists including Lorde, the Weeknd and Ariana Grande, was accused of persistent hara‚Ä¶ https://t.co/eSCYdz76Kp"
435,-0.296,15,2018-03-29 17:00:20,0.109,0.891,0.0,The New York Times,"Charlie Walk, who worked with artists including Lorde, the Weeknd and Ariana Grande, was accused of persistent hara‚Ä¶ https://t.co/eSCYdz76Kp"
5,0.0,5,2018-03-29 17:04:05,0.0,1.0,0.0,BBC,"üç≥ Wanna get the kids cooking this #EasterWeekend? 
Here are 10 recipes to keep them busy in the kitchen.
üëâ‚Ä¶ https://t.co/5xxQNyyRMg"
25,0.0,5,2018-03-29 17:04:05,0.0,1.0,0.0,BBC,"üç≥ Wanna get the kids cooking this #EasterWeekend? 
Here are 10 recipes to keep them busy in the kitchen.
üëâ‚Ä¶ https://t.co/5xxQNyyRMg"
237,-0.4588,17,2018-03-29 17:04:39,0.176,0.824,0.0,CNN,"Sears CEO Eddie Lampert got a  24% raise last year, despite the company's financial troubles https://t.co/a70k7RcA1v"
217,-0.4588,17,2018-03-29 17:04:39,0.176,0.824,0.0,CNN,"Sears CEO Eddie Lampert got a  24% raise last year, despite the company's financial troubles https://t.co/a70k7RcA1v"
414,0.5267,14,2018-03-29 17:04:43,0.0,0.82,0.18,The New York Times,"RT @migold: In 2018, I resolved to cook more for other people. Which meant baking. Which meant I needed help from @nytfood and @wirecutter.‚Ä¶"
434,0.5267,14,2018-03-29 17:04:43,0.0,0.82,0.18,The New York Times,"RT @migold: In 2018, I resolved to cook more for other people. Which meant baking. Which meant I needed help from @nytfood and @wirecutter.‚Ä¶"
370,0.0,10,2018-03-29 17:05:32,0.0,1.0,0.0,Fox News,Graphic sex video causes juror to faint during San Antonio trial https://t.co/Fo1rpS1wJH
369,0.0,9,2018-03-29 17:14:00,0.0,1.0,0.0,Fox News,"Data for 136,000 Facebook users still not deleted by Cambridge Analytica, report says https://t.co/spn1UvgTxs (via @christocarbone)"
368,-0.4215,8,2018-03-29 17:14:01,0.219,0.781,0.0,Fox News,BREAKING NEWS: Judge denies Stormy Daniels' motion to depose @POTUS. https://t.co/USabT5qDpc
433,0.0,13,2018-03-29 17:15:07,0.0,1.0,0.0,The New York Times,"Greta Kline, the youngest child of the actors Kevin Kline and Phoebe Cates, is learning to step into the spotlight‚Ä¶ https://t.co/ofvqVo2TK3"
413,0.0,13,2018-03-29 17:15:07,0.0,1.0,0.0,The New York Times,"Greta Kline, the youngest child of the actors Kevin Kline and Phoebe Cates, is learning to step into the spotlight‚Ä¶ https://t.co/ofvqVo2TK3"
236,0.0516,16,2018-03-29 17:16:16,0.104,0.783,0.113,CNN,"More than 200 retired US diplomats are sounding the alarm about diplomacy under Trump, urging lawmakers to ensure t‚Ä¶ https://t.co/Hkih3hyNSz"
216,0.0516,16,2018-03-29 17:16:16,0.104,0.783,0.113,CNN,"More than 200 retired US diplomats are sounding the alarm about diplomacy under Trump, urging lawmakers to ensure t‚Ä¶ https://t.co/Hkih3hyNSz"
367,-0.4404,7,2018-03-29 17:16:35,0.172,0.828,0.0,Fox News,"BREAKING NEWS: Russia to expel 60 US diplomats, close US consulate in St. Petersburg https://t.co/AoFn0Xep2y"
366,0.0,6,2018-03-29 17:21:22,0.0,1.0,0.0,Fox News,Happening Now: @POTUS arrives in Ohio to deliver remarks on infrastructure. https://t.co/pmfayeckz1
365,-0.5574,5,2018-03-29 17:29:07,0.175,0.825,0.0,Fox News,".@DarellIssa: ""The abuses which appear to be systematic by the Obama Administration... that's going to take prosecu‚Ä¶ https://t.co/EthFVs79X6"
364,0.5574,4,2018-03-29 17:30:01,0.0,0.805,0.195,Fox News,"""I want to give back to all branches of the service to these people - to these heroes - that need help.""‚Ä¶ https://t.co/P8qe3b52kZ"
101,0.0,1,2018-03-29 17:30:02,0.0,1.0,0.0,CBS,"Will @HIGHVALLEY, @LancoMusic, @LOCASHmusic, @MidlandOfficial, or @runawayjune be named New Vocal Duo Or Group Of T‚Ä¶ https://t.co/v0QIPLC47R"
121,0.0,1,2018-03-29 17:30:02,0.0,1.0,0.0,CBS,"Will @HIGHVALLEY, @LancoMusic, @LOCASHmusic, @MidlandOfficial, or @runawayjune be named New Vocal Duo Or Group Of T‚Ä¶ https://t.co/v0QIPLC47R"
432,0.0,12,2018-03-29 17:30:16,0.0,1.0,0.0,The New York Times,"In Opinion,
Op-Ed contributor Noam Cohen writes, ""Facebook‚Äôs vast and well-designed platform offered the Trump camp‚Ä¶ https://t.co/uRkWi0M6MY"
412,0.0,12,2018-03-29 17:30:16,0.0,1.0,0.0,The New York Times,"In Opinion,
Op-Ed contributor Noam Cohen writes, ""Facebook‚Äôs vast and well-designed platform offered the Trump camp‚Ä¶ https://t.co/uRkWi0M6MY"
215,-0.3182,15,2018-03-29 17:30:46,0.103,0.897,0.0,CNN,Kellyanne Conway's husband has begun deleting a series of tweets he posted in the past month that are critical of P‚Ä¶ https://t.co/gmP1P5Dfp2
235,-0.3182,15,2018-03-29 17:30:46,0.103,0.897,0.0,CNN,Kellyanne Conway's husband has begun deleting a series of tweets he posted in the past month that are critical of P‚Ä¶ https://t.co/gmP1P5Dfp2
120,0.0,0,2018-03-29 17:32:40,0.0,1.0,0.0,CBS,"Expect epic performances by @kanebrown , @kelly_clarkson, @OfficialJackson, and more at this year's 53rd #ACMawards‚Ä¶ https://t.co/3yso7Z0cjv"
100,0.0,0,2018-03-29 17:32:40,0.0,1.0,0.0,CBS,"Expect epic performances by @kanebrown , @kelly_clarkson, @OfficialJackson, and more at this year's 53rd #ACMawards‚Ä¶ https://t.co/3yso7Z0cjv"
431,-0.4404,11,2018-03-29 17:33:06,0.153,0.847,0.0,The New York Times,"Breaking News: Russia will expel 150 diplomats, including 60 Americans, in retaliation for Western nations‚Äô respons‚Ä¶ https://t.co/Hl7o9v20dd"
411,-0.4404,11,2018-03-29 17:33:06,0.153,0.847,0.0,The New York Times,"Breaking News: Russia will expel 150 diplomats, including 60 Americans, in retaliation for Western nations‚Äô respons‚Ä¶ https://t.co/Hl7o9v20dd"
363,-0.1531,3,2018-03-29 17:36:07,0.164,0.714,0.121,Fox News,RT @FoxBusiness: Amazon CEO Jeff Bezos loses $6.4B after #Trump report    https://t.co/TysUf2CCb9
362,0.3595,2,2018-03-29 17:42:05,0.0,0.865,0.135,Fox News,"News Alert: Awaiting @POTUS's infrastructure speech - for full live coverage, tune in to Fox News Channel! https://t.co/JC99bvZoEe"
361,-0.4404,1,2018-03-29 17:43:24,0.225,0.775,0.0,Fox News,"Stormy Daniels' motion to depose Trump, Cohen denied - via @brookefoxnews 
https://t.co/5v7QcSuSGS"
360,0.0,0,2018-03-29 17:44:51,0.0,1.0,0.0,Fox News,".@RepJoeWilson: ""What Putin is doing is he's taking the country in such a direction that it's going to be against [‚Ä¶ https://t.co/mZJlR4mE18"
359,0.0,19,2018-03-29 17:44:51,0.0,1.0,0.0,Fox News,".@RepJoeWilson: ""What Putin is doing is he's taking the country in such a direction that it's going to be against [‚Ä¶ https://t.co/mZJlR4mE18"
430,0.7964,10,2018-03-29 17:45:03,0.0,0.633,0.367,The New York Times,"""The president and America needs a wise, steady and thoughtful national security advisor,"" former Secretary of Defe‚Ä¶ https://t.co/mJrbSIEWQ1"
410,0.7964,10,2018-03-29 17:45:03,0.0,0.633,0.367,The New York Times,"""The president and America needs a wise, steady and thoughtful national security advisor,"" former Secretary of Defe‚Ä¶ https://t.co/mJrbSIEWQ1"
214,-0.296,14,2018-03-29 17:45:10,0.115,0.885,0.0,CNN,A federal judge in California put a temporary stop to efforts by Stormy Daniels' attorney to depose President Trump‚Ä¶ https://t.co/ugThG7o454
234,-0.296,14,2018-03-29 17:45:10,0.115,0.885,0.0,CNN,A federal judge in California put a temporary stop to efforts by Stormy Daniels' attorney to depose President Trump‚Ä¶ https://t.co/ugThG7o454
358,0.5859,18,2018-03-29 17:46:39,0.115,0.573,0.312,Fox News,"Missing Georgia teen, 15, rescued after family friend spots her picture on Snapchat https://t.co/5Usq0R8lb7"
357,0.0,17,2018-03-29 17:51:43,0.0,1.0,0.0,Fox News,Graphic sex video causes juror to faint during San Antonio trial https://t.co/Fo1rpS1wJH
356,0.0,16,2018-03-29 17:51:53,0.0,1.0,0.0,Fox News,'Serial Stowaway' deemed unfit to stand trial https://t.co/L9hcGJ3Ol5
409,0.5106,9,2018-03-29 17:52:05,0.0,0.82,0.18,The New York Times,There remains a strong correlation between marriage and economic class in the American higher education system https://t.co/5Uh4n8fXKn
429,0.5106,9,2018-03-29 17:52:05,0.0,0.82,0.18,The New York Times,There remains a strong correlation between marriage and economic class in the American higher education system https://t.co/5Uh4n8fXKn
233,-0.2732,13,2018-03-29 17:55:44,0.137,0.773,0.09,CNN,Human rights lawyer Amal Clooney has agreed to represent two Reuters journalists who have been jailed in Myanmar an‚Ä¶ https://t.co/FqRiyPhjOc
213,-0.2732,13,2018-03-29 17:55:44,0.137,0.773,0.09,CNN,Human rights lawyer Amal Clooney has agreed to represent two Reuters journalists who have been jailed in Myanmar an‚Ä¶ https://t.co/FqRiyPhjOc
408,-0.5106,8,2018-03-29 18:00:16,0.136,0.864,0.0,The New York Times,A white woman became the first person in South Africa to be sent to prison for her repeated use of a racial slur https://t.co/J1MliQIcao
428,-0.5106,8,2018-03-29 18:00:16,0.136,0.864,0.0,The New York Times,A white woman became the first person in South Africa to be sent to prison for her repeated use of a racial slur https://t.co/J1MliQIcao
355,-0.5994,15,2018-03-29 18:01:22,0.218,0.782,0.0,Fox News,"ICE's 'violent felon', who escaped custody at NYC airport, reportedly fled during meal break https://t.co/HsOjWMK8yH"
24,0.4522,4,2018-03-29 18:05:02,0.109,0.697,0.194,BBC,"‚ù§Ô∏è 'That was it I just totally fell in love with art.'

üé∂ How grime changed Ade Adesina's life. https://t.co/eDyh75YBvl"
4,0.4522,4,2018-03-29 18:05:02,0.109,0.697,0.194,BBC,"‚ù§Ô∏è 'That was it I just totally fell in love with art.'

üé∂ How grime changed Ade Adesina's life. https://t.co/eDyh75YBvl"
427,0.0,7,2018-03-29 18:05:05,0.0,1.0,0.0,The New York Times,"A Maryland appeals court vacated the conviction of Adnan Syed, a subject of the hit podcast ""Serial‚Äù https://t.co/tF7Wz5XGVg"
407,0.0,7,2018-03-29 18:05:05,0.0,1.0,0.0,The New York Times,"A Maryland appeals court vacated the conviction of Adnan Syed, a subject of the hit podcast ""Serial‚Äù https://t.co/tF7Wz5XGVg"
232,0.6369,12,2018-03-29 18:06:32,0.0,0.776,0.224,CNN,Why Trump pardoning Paul Manafort or Michael Flynn would look at lot like quid pro quo | Analysis by @zbyronwolf https://t.co/b1tCtlV44h
212,0.6369,12,2018-03-29 18:06:32,0.0,0.776,0.224,CNN,Why Trump pardoning Paul Manafort or Michael Flynn would look at lot like quid pro quo | Analysis by @zbyronwolf https://t.co/b1tCtlV44h
354,-0.6249,14,2018-03-29 18:07:11,0.231,0.769,0.0,Fox News,"On @foxandfriends, @DLoesch talked about her son, who complained that when the media covers the gun control debate,‚Ä¶ https://t.co/5z7L3V510b"
353,0.0,13,2018-03-29 18:08:04,0.0,1.0,0.0,Fox News,"President @realDonaldTrump speaks about infrastructure in Richfield, Ohio. https://t.co/1C0a3qpnkn"
352,0.7964,12,2018-03-29 18:09:59,0.0,0.628,0.372,Fox News,".@POTUS: ""American workers are truly the best in the world. Right? The best."" https://t.co/E9Ifk3Taz3"
231,-0.3818,11,2018-03-29 18:10:06,0.12,0.88,0.0,CNN,JUST IN: Russia is expelling US diplomats and closing the US consulate in St. Petersburg in retaliation for a simil‚Ä¶ https://t.co/TSoxHWGsvl
211,-0.3818,11,2018-03-29 18:10:06,0.12,0.88,0.0,CNN,JUST IN: Russia is expelling US diplomats and closing the US consulate in St. Petersburg in retaliation for a simil‚Ä¶ https://t.co/TSoxHWGsvl
351,0.4939,11,2018-03-29 18:11:22,0.095,0.687,0.218,Fox News,".@POTUS: ""Joined by our friends here in Ohio, my administration is fighting every day to protect, defend and grow A‚Ä¶ https://t.co/h5RCq4hTGh"
210,-0.1779,10,2018-03-29 18:12:04,0.134,0.866,0.0,CNN,"Trump is touting his infrastructure plans in in Ohio

Live updates: https://t.co/MzxsHvkBYZ"
230,-0.1779,10,2018-03-29 18:12:04,0.134,0.866,0.0,CNN,"Trump is touting his infrastructure plans in in Ohio

Live updates: https://t.co/MzxsHvkBYZ"
350,0.0,10,2018-03-29 18:12:16,0.0,1.0,0.0,Fox News,".@POTUS: ""[@Apple is] gonna be investing $350 billion."" https://t.co/5Qc4gm4fd7"
349,0.0772,9,2018-03-29 18:12:57,0.0,0.942,0.058,Fox News,".@POTUS on jobs: ""So many others coming back with massive amounts of money. They all want to be back in the USA."""
348,0.0772,8,2018-03-29 18:13:53,0.0,0.915,0.085,Fox News,".@POTUS: ""We've eliminated a record number of job-killing regulations, that's why [companies are] coming back."" https://t.co/xIHT8CMVGn"
347,0.0258,7,2018-03-29 18:14:29,0.131,0.733,0.136,Fox News,".@POTUS: ""My administration is fighting every day to protect and defend and grow American jobs."" https://t.co/DQgdrcUkI9"
346,0.0,6,2018-03-29 18:14:56,0.0,1.0,0.0,Fox News,".@POTUS: ""We've made history by massively reducing job-killing taxes."" https://t.co/76vCxjvI9k"
426,0.0,6,2018-03-29 18:15:09,0.0,1.0,0.0,The New York Times,Automakers are offering augmented reality experiences and lifelike virtual reality simulations to lure buyers https://t.co/FDiEWkjxXx
406,0.0,6,2018-03-29 18:15:09,0.0,1.0,0.0,The New York Times,Automakers are offering augmented reality experiences and lifelike virtual reality simulations to lure buyers https://t.co/FDiEWkjxXx
229,0.0258,9,2018-03-29 18:15:16,0.096,0.805,0.1,CNN,"RT @CNNPolitics: ""My administration is fighting every day to protect and defend and grow American jobs,"" President Trump says at an event i‚Ä¶"
209,0.0258,9,2018-03-29 18:15:16,0.096,0.805,0.1,CNN,"RT @CNNPolitics: ""My administration is fighting every day to protect and defend and grow American jobs,"" President Trump says at an event i‚Ä¶"
345,0.6113,5,2018-03-29 18:15:41,0.0,0.734,0.266,Fox News,".@POTUS: ""We started building our wall. I'm so proud of it."" https://t.co/eV30WKMsT9"
344,0.0,4,2018-03-29 18:17:01,0.0,1.0,0.0,Fox News,".@POTUS: ""People said, 'oh has he given up on the wall?' I never give up.' We have $1.6 billion toward the wall."" https://t.co/p8q6NTaaqA"
343,-0.5267,3,2018-03-29 18:17:21,0.195,0.805,0.0,Fox News,".@POTUS: ""We need walls. We started building our wall... We're getting that sucker built."" https://t.co/07BzezKliK"
342,0.4404,2,2018-03-29 18:18:00,0.0,0.734,0.266,Fox News,".@POTUS: ""The wall looks good. It's properly designed."" https://t.co/CfSOeUI6DO"
341,0.4939,1,2018-03-29 18:19:51,0.0,0.781,0.219,Fox News,".@POTUS: ""We've unleashed American energy independence. Energy exports are at a record high and foreign imports are‚Ä¶ https://t.co/BlhkxNaGvD"
340,-0.7506,0,2018-03-29 18:19:59,0.252,0.748,0.0,Fox News,".@POTUS: ""We've stood up for the American workers by finally cracking down on unfair trade that steals our jobs and‚Ä¶ https://t.co/IVPZmN7n2p"
339,-0.6249,19,2018-03-29 18:21:18,0.346,0.566,0.088,Fox News,".@POTUS: ""Hispanic-American unemployment has also reached the lowest levels ever recorded."" https://t.co/UuvMitzjmh"
319,-0.6249,19,2018-03-29 18:21:18,0.346,0.566,0.088,Fox News,".@POTUS: ""Hispanic-American unemployment has also reached the lowest levels ever recorded."" https://t.co/UuvMitzjmh"
318,-0.7506,18,2018-03-29 18:21:36,0.252,0.748,0.0,Fox News,".@POTUS: ""We've stood up for the American workers by finally cracking down on unfair trade that steals our jobs and‚Ä¶ https://t.co/FcV1kYDPqh"
338,-0.7506,18,2018-03-29 18:21:36,0.252,0.748,0.0,Fox News,".@POTUS: ""We've stood up for the American workers by finally cracking down on unfair trade that steals our jobs and‚Ä¶ https://t.co/FcV1kYDPqh"
228,0.1779,8,2018-03-29 18:22:22,0.172,0.628,0.201,CNN,Fox News host Laura Ingraham apologized for a widely derided tweet in which she mocked Parkland survivor David Hogg‚Ä¶ https://t.co/8GCuRlgYNC
208,0.1779,8,2018-03-29 18:22:22,0.172,0.628,0.201,CNN,Fox News host Laura Ingraham apologized for a widely derided tweet in which she mocked Parkland survivor David Hogg‚Ä¶ https://t.co/8GCuRlgYNC
425,0.0,5,2018-03-29 18:23:01,0.0,1.0,0.0,The New York Times,"Denmark has long had one of the highest divorce rates in Europe, and the government has decided that breaking up sh‚Ä¶ https://t.co/Gwz69TISvS"
405,0.0,5,2018-03-29 18:23:01,0.0,1.0,0.0,The New York Times,"Denmark has long had one of the highest divorce rates in Europe, and the government has decided that breaking up sh‚Ä¶ https://t.co/Gwz69TISvS"
317,0.4927,17,2018-03-29 18:23:21,0.0,0.803,0.197,Fox News,".@POTUS: ""We're moving along very nicely with North Korea, we'll see what happens."" https://t.co/JhwxbKYzx6"
337,0.4927,17,2018-03-29 18:23:21,0.0,0.803,0.197,Fox News,".@POTUS: ""We're moving along very nicely with North Korea, we'll see what happens."" https://t.co/JhwxbKYzx6"
336,0.7964,16,2018-03-29 18:23:34,0.0,0.747,0.253,Fox News,"RT @FoxBusiness: .@POTUS on the border wall: ""That's what I do, is I build... It was always my best thing. I think better than being presid‚Ä¶"
316,0.7964,16,2018-03-29 18:23:34,0.0,0.747,0.253,Fox News,"RT @FoxBusiness: .@POTUS on the border wall: ""That's what I do, is I build... It was always my best thing. I think better than being presid‚Ä¶"
335,0.0772,15,2018-03-29 18:23:37,0.0,0.933,0.067,Fox News,"RT @FoxBusiness: .@POTUS: ""We've eliminated a record number of job-killing regulations. That's one of the reasons [jobs] are coming back.""‚Ä¶"
315,0.0772,15,2018-03-29 18:23:37,0.0,0.933,0.067,Fox News,"RT @FoxBusiness: .@POTUS: ""We've eliminated a record number of job-killing regulations. That's one of the reasons [jobs] are coming back.""‚Ä¶"
314,0.3818,14,2018-03-29 18:24:42,0.0,0.867,0.133,Fox News,".@POTUS: ""We're keeping our promises and the results are in. Three million new jobs since Election Day."" https://t.co/zJeBbXzmGl"
334,0.3818,14,2018-03-29 18:24:42,0.0,0.867,0.133,Fox News,".@POTUS: ""We're keeping our promises and the results are in. Three million new jobs since Election Day."" https://t.co/zJeBbXzmGl"
313,-0.6705,13,2018-03-29 18:25:36,0.355,0.645,0.0,Fox News,".@POTUS: ""Unemployment claims are at their lowest level in 45 years."" https://t.co/orI0AhEk3g"
333,-0.6705,13,2018-03-29 18:25:36,0.355,0.645,0.0,Fox News,".@POTUS: ""Unemployment claims are at their lowest level in 45 years."" https://t.co/orI0AhEk3g"
332,0.4404,12,2018-03-29 18:26:15,0.0,0.642,0.358,Fox News,".@POTUS: ""We want to protect our Second Amendment."" https://t.co/Os2975kdDS"
312,0.4404,12,2018-03-29 18:26:15,0.0,0.642,0.358,Fox News,".@POTUS: ""We want to protect our Second Amendment."" https://t.co/Os2975kdDS"
331,-0.6249,11,2018-03-29 18:26:22,0.325,0.592,0.083,Fox News,".@POTUS: ""African-American unemployment has reached the lowest levels ever recorded.  Hispanic-American unemploymen‚Ä¶ https://t.co/bwMwRUd5JO"
311,-0.6249,11,2018-03-29 18:26:22,0.325,0.592,0.083,Fox News,".@POTUS: ""African-American unemployment has reached the lowest levels ever recorded.  Hispanic-American unemploymen‚Ä¶ https://t.co/bwMwRUd5JO"
310,0.4767,10,2018-03-29 18:28:48,0.0,0.745,0.255,Fox News,".@POTUS: ""We want people to come in on merit. Not based on a lottery."" https://t.co/r0Q0iluxpL"
330,0.4767,10,2018-03-29 18:28:48,0.0,0.745,0.255,Fox News,".@POTUS: ""We want people to come in on merit. Not based on a lottery."" https://t.co/r0Q0iluxpL"
404,-0.296,4,2018-03-29 18:30:13,0.104,0.896,0.0,The New York Times,"The case of the missing sport coat has it all: video evidence, reparations, multiple apologies and a Final Four coa‚Ä¶ https://t.co/GtBj8kVDok"
424,-0.296,4,2018-03-29 18:30:13,0.104,0.896,0.0,The New York Times,"The case of the missing sport coat has it all: video evidence, reparations, multiple apologies and a Final Four coa‚Ä¶ https://t.co/GtBj8kVDok"
329,0.4939,9,2018-03-29 18:30:20,0.0,0.714,0.286,Fox News,".@POTUS: ""You've got a friend in the White House."" https://t.co/N5fobLOUct"
309,0.4939,9,2018-03-29 18:30:20,0.0,0.714,0.286,Fox News,".@POTUS: ""You've got a friend in the White House."" https://t.co/N5fobLOUct"
227,0.0,7,2018-03-29 18:30:40,0.0,1.0,0.0,CNN,"In his novel's epilogue, Sean Penn seems to defend Louis C.K. and Charlie Rose and compares the #MeToo movement to‚Ä¶ https://t.co/tYZOhoEhbe"
207,0.0,7,2018-03-29 18:30:40,0.0,1.0,0.0,CNN,"In his novel's epilogue, Sean Penn seems to defend Louis C.K. and Charlie Rose and compares the #MeToo movement to‚Ä¶ https://t.co/tYZOhoEhbe"
328,0.0,8,2018-03-29 18:32:08,0.0,1.0,0.0,Fox News,".@POTUS: ""I have gotten done much more than I promised."" https://t.co/7449nrre67"
308,0.0,8,2018-03-29 18:32:08,0.0,1.0,0.0,Fox News,".@POTUS: ""I have gotten done much more than I promised."" https://t.co/7449nrre67"
307,0.0,7,2018-03-29 18:35:48,0.0,1.0,0.0,Fox News,".@POTUS: ""In recent years, Americans have watched as Washington spent trillions and trillions of dollars building u‚Ä¶ https://t.co/vSWajcSSep"
327,0.0,7,2018-03-29 18:35:48,0.0,1.0,0.0,Fox News,".@POTUS: ""In recent years, Americans have watched as Washington spent trillions and trillions of dollars building u‚Ä¶ https://t.co/vSWajcSSep"
226,0.0,6,2018-03-29 18:36:05,0.0,1.0,0.0,CNN,The Trump administration plans to require nearly all visa applicants to the US to submit five years of social media‚Ä¶ https://t.co/tU01a1GTBp
206,0.0,6,2018-03-29 18:36:05,0.0,1.0,0.0,CNN,The Trump administration plans to require nearly all visa applicants to the US to submit five years of social media‚Ä¶ https://t.co/tU01a1GTBp
403,-0.6124,3,2018-03-29 18:37:04,0.273,0.727,0.0,The New York Times,"Steve Smith broke down in tears, apologizing on live national television for sullying his country and its national‚Ä¶ https://t.co/8uq5EvN6FR"
423,-0.6124,3,2018-03-29 18:37:04,0.273,0.727,0.0,The New York Times,"Steve Smith broke down in tears, apologizing on live national television for sullying his country and its national‚Ä¶ https://t.co/8uq5EvN6FR"
326,0.0,6,2018-03-29 18:37:28,0.0,1.0,0.0,Fox News,".@POTUS: ""We spend billions of dollars in other countries maintaining their borders, and we can't maintain our bord‚Ä¶ https://t.co/sYXv17AxxZ"
306,0.0,6,2018-03-29 18:37:28,0.0,1.0,0.0,Fox News,".@POTUS: ""We spend billions of dollars in other countries maintaining their borders, and we can't maintain our bord‚Ä¶ https://t.co/sYXv17AxxZ"
305,0.0,5,2018-03-29 18:38:03,0.0,1.0,0.0,Fox News,".@POTUS: ""We spend billions of dollars in other countries maintaining their borders and we can't maintain our borde‚Ä¶ https://t.co/pFQmrf4mQE"
325,0.0,5,2018-03-29 18:38:03,0.0,1.0,0.0,Fox News,".@POTUS: ""We spend billions of dollars in other countries maintaining their borders and we can't maintain our borde‚Ä¶ https://t.co/pFQmrf4mQE"
225,-0.0258,5,2018-03-29 18:41:06,0.078,0.922,0.0,CNN,President Trump touts border wall funds during an infrastructure speech in Ohio https://t.co/m6YqlklZrR https://t.co/ZwI3WjWQE0
205,-0.0258,5,2018-03-29 18:41:06,0.078,0.922,0.0,CNN,President Trump touts border wall funds during an infrastructure speech in Ohio https://t.co/m6YqlklZrR https://t.co/ZwI3WjWQE0
3,0.0,3,2018-03-29 18:43:51,0.0,1.0,0.0,BBC,RT @BBCOne: Anyone else having a 'chilled one'? üêº https://t.co/WRBeDdaK18
23,0.0,3,2018-03-29 18:43:51,0.0,1.0,0.0,BBC,RT @BBCOne: Anyone else having a 'chilled one'? üêº https://t.co/WRBeDdaK18
22,0.0,2,2018-03-29 18:44:11,0.0,1.0,0.0,BBC,"RT @BBCNewsbeat: Anthony Joshua faces Joseph Parker in Cardiff on Saturday.
And he's eating a LOT to prepare... üòã üí™ https://t.co/qp6xw04IiC"
2,0.0,2,2018-03-29 18:44:11,0.0,1.0,0.0,BBC,"RT @BBCNewsbeat: Anthony Joshua faces Joseph Parker in Cardiff on Saturday.
And he's eating a LOT to prepare... üòã üí™ https://t.co/qp6xw04IiC"
1,0.0,1,2018-03-29 18:44:20,0.0,1.0,0.0,BBC,RT @bbcrb: Retirement's looking rosy for Hank the police horse! üêéüòÜ https://t.co/xB9kXZeWNE
21,0.0,1,2018-03-29 18:44:20,0.0,1.0,0.0,BBC,RT @bbcrb: Retirement's looking rosy for Hank the police horse! üêéüòÜ https://t.co/xB9kXZeWNE
20,0.0,0,2018-03-29 18:45:08,0.0,1.0,0.0,BBC,"RT @BBCBreakfast: Counting down the hours until you go home for Easter?
üåßüå§üå® Here's your Easter weekend forecast: https://t.co/EXeBCHutS4"
0,0.0,0,2018-03-29 18:45:08,0.0,1.0,0.0,BBC,"RT @BBCBreakfast: Counting down the hours until you go home for Easter?
üåßüå§üå® Here's your Easter weekend forecast: https://t.co/EXeBCHutS4"
324,-0.5719,4,2018-03-29 18:45:09,0.252,0.748,0.0,Fox News,'Demonic' fish with spikes of armor glows red in terrifying photo https://t.co/XIi3nnxUGQ
304,-0.5719,4,2018-03-29 18:45:09,0.252,0.748,0.0,Fox News,'Demonic' fish with spikes of armor glows red in terrifying photo https://t.co/XIi3nnxUGQ
422,0.8126,2,2018-03-29 18:45:09,0.0,0.403,0.597,The New York Times,For the sophisticated french fry lover https://t.co/AAlnvGN4sI
402,0.8126,2,2018-03-29 18:45:09,0.0,0.403,0.597,The New York Times,For the sophisticated french fry lover https://t.co/AAlnvGN4sI
224,-0.8316,4,2018-03-29 18:46:08,0.328,0.672,0.0,CNN,Spanish police arrested two men on suspicion of smuggling art looted by groups affiliated with ISIS from sites in L‚Ä¶ https://t.co/giUwh017LM
204,-0.8316,4,2018-03-29 18:46:08,0.328,0.672,0.0,CNN,Spanish police arrested two men on suspicion of smuggling art looted by groups affiliated with ISIS from sites in L‚Ä¶ https://t.co/giUwh017LM
401,0.0,1,2018-03-29 18:48:52,0.0,1.0,0.0,The New York Times,RT @ByMattStevens: It was a family of two mothers and six adoptees. One of the children had had a brush with viral celebrity. But now troub‚Ä¶
421,0.0,1,2018-03-29 18:48:52,0.0,1.0,0.0,The New York Times,RT @ByMattStevens: It was a family of two mothers and six adoptees. One of the children had had a brush with viral celebrity. But now troub‚Ä¶
223,0.0,3,2018-03-29 18:51:03,0.0,1.0,0.0,CNN,"The EPA circulated new talking points that downplay the role of human activity in climate change, instructing staff‚Ä¶ https://t.co/EXQt4ynYbP"
203,0.0,3,2018-03-29 18:51:03,0.0,1.0,0.0,CNN,"The EPA circulated new talking points that downplay the role of human activity in climate change, instructing staff‚Ä¶ https://t.co/EXQt4ynYbP"
303,-0.296,3,2018-03-29 18:52:43,0.18,0.82,0.0,Fox News,"Father crashes daughter's proposal, holds up sign reading 'Say no' https://t.co/MfFZQUalmT"
323,-0.296,3,2018-03-29 18:52:43,0.18,0.82,0.0,Fox News,"Father crashes daughter's proposal, holds up sign reading 'Say no' https://t.co/MfFZQUalmT"
222,0.0,2,2018-03-29 18:54:29,0.0,1.0,0.0,CNN,RT @AC360: CNN‚Äôs @AndersonCooper will moderate a live town hall with former FBI Director @Comey on April 25 https://t.co/TW2Kw739Jp https:/‚Ä¶
202,0.0,2,2018-03-29 18:54:29,0.0,1.0,0.0,CNN,RT @AC360: CNN‚Äôs @AndersonCooper will moderate a live town hall with former FBI Director @Comey on April 25 https://t.co/TW2Kw739Jp https:/‚Ä¶
201,-0.5719,1,2018-03-29 18:56:05,0.239,0.761,0.0,CNN,The Trump administration will no longer seek to automatically release pregnant immigrants from detention -- a move‚Ä¶ https://t.co/U7jsb88Cd9
221,-0.5719,1,2018-03-29 18:56:05,0.239,0.761,0.0,CNN,The Trump administration will no longer seek to automatically release pregnant immigrants from detention -- a move‚Ä¶ https://t.co/U7jsb88Cd9
322,0.4404,2,2018-03-29 18:57:12,0.0,0.861,0.139,Fox News,"RT @FoxBusiness: .@POTUS: ""I'm asking Congress to improve federal student aid to include high-quality, short-term training programs that eq‚Ä¶"
302,0.4404,2,2018-03-29 18:57:12,0.0,0.861,0.139,Fox News,"RT @FoxBusiness: .@POTUS: ""I'm asking Congress to improve federal student aid to include high-quality, short-term training programs that eq‚Ä¶"
321,0.4215,1,2018-03-29 18:57:21,0.0,0.872,0.128,Fox News,"RT @FoxBusiness: .@POTUS: ""We're gonna be investing in our workers and improving our healthcare facilities for our incredible veterans."" ht‚Ä¶"
301,0.4215,1,2018-03-29 18:57:21,0.0,0.872,0.128,Fox News,"RT @FoxBusiness: .@POTUS: ""We're gonna be investing in our workers and improving our healthcare facilities for our incredible veterans."" ht‚Ä¶"
320,0.6705,0,2018-03-29 19:00:14,0.0,0.756,0.244,Fox News,".@donnabrazile: ""[@HillaryClinton] has every opportunity to tell her story and also to help the country. She has in‚Ä¶ https://t.co/uXFj7EZ3yg"
300,0.6705,0,2018-03-29 19:00:14,0.0,0.756,0.244,Fox News,".@donnabrazile: ""[@HillaryClinton] has every opportunity to tell her story and also to help the country. She has in‚Ä¶ https://t.co/uXFj7EZ3yg"
420,0.0,0,2018-03-29 19:00:34,0.0,1.0,0.0,The New York Times,"RT @MichaelPaulson: The stars of this Sunday's live @NBC concert of ""Jesus Christ Superstar"" -- @johnlegend, @SaraBareilles, @alicecooper &amp;‚Ä¶"
400,0.0,0,2018-03-29 19:00:34,0.0,1.0,0.0,The New York Times,"RT @MichaelPaulson: The stars of this Sunday's live @NBC concert of ""Jesus Christ Superstar"" -- @johnlegend, @SaraBareilles, @alicecooper &amp;‚Ä¶"
200,-0.3818,0,2018-03-29 19:01:33,0.182,0.661,0.157,CNN,"""I heard you're actually the devil incarnate and I wanted to meet you,"" Defense Secretary James Mattis joked during‚Ä¶ https://t.co/5tKqyXltIO"
220,-0.3818,0,2018-03-29 19:01:33,0.182,0.661,0.157,CNN,"""I heard you're actually the devil incarnate and I wanted to meet you,"" Defense Secretary James Mattis joked during‚Ä¶ https://t.co/5tKqyXltIO"
